,0
0,A
1,AA
2,AAA
3,AAAU
4,AAC
5,AAC.U
6,AAC.W
7,AACT.U
8,AAIC
9,AAIC$B
10,AAIC$C
11,AAIN
12,AAM$A
13,AAM$B
14,AAMC
15,AAN
16,AAP
17,AAT
18,AAU
19,AB
20,ABB
21,ABBV
22,ABC
23,ABEQ
24,ABEV
25,ABG
26,ABM
27,ABR
28,ABR$D
29,ABR$E
30,ABR$F
31,ABT
32,AC
33,ACA
34,ACAQ
35,ACAQ.U
36,ACAQ.W
37,ACCO
38,ACEL
39,ACES
40,ACHR
41,ACHR.W
42,ACI
43,ACIO
44,ACM
45,ACN
46,ACP
47,ACP$A
48,ACR
49,ACR$C
50,ACR$D
51,ACRE
52,ACRO
53,ACRO.U
54,ACRO.W
55,ACSI
56,ACTV
57,ACU
58,ACV
59,ACVF
60,ACWV
61,ADC
62,ADC$A
63,ADCT
64,ADEX
65,ADEX.U
66,ADEX.W
67,ADFI
68,ADIV
69,ADM
70,ADME
71,ADNT
72,ADPV
73,ADRT
74,ADRT.U
75,ADT
76,ADX
77,AE
78,AEE
79,AEF
80,AEFC
81,AEG
82,AEL
83,AEL$A
84,AEL$B
85,AEM
86,AEMB
87,AENZ
88,AEO
89,AER
90,AES
91,AESC
92,AESI
93,AESR
94,AEVA
95,AEVA.W
96,AFB
97,AFG
98,AFGB
99,AFGC
100,AFGD
101,AFGE
102,AFIF
103,AFK
104,AFL
105,AFLG
106,AFMC
107,AFSM
108,AFT
109,AFTR
110,AFTR.U
111,AFTR.W
112,AFTY
113,AG
114,AGAC
115,AGAC.U
116,AGCO
117,AGD
118,AGE
119,AGG
120,AGGH
121,AGGY
122,AGI
123,AGIH
124,AGL
125,AGM
126,AGM$C
127,AGM$D
128,AGM$E
129,AGM$F
130,AGM$G
131,AGM.A
132,AGO
133,AGOV
134,AGOX
135,AGQ
136,AGR
137,AGRH
138,AGRO
139,AGS
140,AGTI
141,AGX
142,AGZ
143,AHH
144,AHH$A
145,AHL$C
146,AHL$D
147,AHL$E
148,AHOY
149,AHT
150,AHT$D
151,AHT$F
152,AHT$G
153,AHT$H
154,AHT$I
155,AHYB
156,AI
157,AIC
158,AIEQ
159,AIF
160,AIG
161,AIG$A
162,AILG
163,AILV
164,AIM
165,AIN
166,AINC
167,AIO
168,AIR
169,AIRC
170,AIRI
171,AIT
172,AIU
173,AIV
174,AIVI
175,AIVL
176,AIZ
177,AIZN
178,AJG
179,AJRD
180,AJX
181,AJXA
182,AKA
183,AKO.A
184,AKO.B
185,AKR
186,AL
187,AL$A
188,ALB
189,ALC
190,ALCC
191,ALE
192,ALEX
193,ALG
194,ALIT
195,ALK
196,ALL
197,ALL$B
198,ALL$H
199,ALL$I
200,ALLE
201,ALLG
202,ALLG.W
203,ALLY
204,ALSN
205,ALTG
206,ALTG$A
207,ALTL
208,ALV
209,ALX
210,AM
211,AMAX
212,AMBC
213,AMBI
214,AMBI.W
215,AMBO
216,AMBP
217,AMBP.W
218,AMC
219,AMCR
220,AME
221,AMG
222,AMH
223,AMH$G
224,AMH$H
225,AMJ
226,AMK
227,AMLP
228,AMN
229,AMNA
230,AMND
231,AMOM
232,AMP
233,AMPE
234,AMPS
235,AMPX
236,AMPX.W
237,AMPY
238,AMR
239,AMRC
240,AMRX
241,AMS
242,AMT
243,AMTD
244,AMTR
245,AMUB
246,AMWL
247,AMX
248,AMZA
249,AN
250,ANET
251,ANEW
252,ANF
253,ANVS
254,AOA
255,AOD
256,AOK
257,AOM
258,AOMR
259,AON
260,AOR
261,AORT
262,AOS
263,AP
264,AP.W
265,APAM
266,APCA
267,APCA.U
268,APCA.W
269,APCB
270,APD
271,APE
272,APG
273,APGB
274,APGB.U
275,APGB.W
276,APH
277,APIE
278,APLE
279,APLY
280,APMU
281,APO
282,APRD
283,APRH
284,APRJ
285,APRN
286,APRQ
287,APRT
288,APRW
289,APRZ
290,APT
291,APTV
292,APTV$A
293,APUE
294,AQN
295,AQNA
296,AQNB
297,AQNU
298,AQUA
299,AR
300,ARB
301,ARC
302,ARCH
303,ARCM
304,ARCO
305,ARDC
306,ARE
307,AREN
308,ARES
309,ARGD
310,ARGO
311,ARGO$A
312,ARGT
313,ARI
314,ARIS
315,ARKF
316,ARKG
317,ARKK
318,ARKQ
319,ARKW
320,ARKX
321,ARL
322,ARLO
323,ARMK
324,ARMP
325,ARMR
326,ARNC
327,AROC
328,ARP
329,ARR
330,ARR$C
331,ARW
332,ASA
333,ASAI
334,ASAN
335,ASB
336,ASB$E
337,ASB$F
338,ASBA
339,ASC
340,ASEA
341,ASG
342,ASGI
343,ASGN
344,ASH
345,ASHR
346,ASHS
347,ASHX
348,ASIX
349,ASM
350,ASPN
351,ASPY
352,ASR
353,ASX
354,ASXC
355,ATAQ
356,ATAQ.U
357,ATCO$D
358,ATCO$H
359,ATCO$I
360,ATEK
361,ATEK.U
362,ATEK.W
363,ATEN
364,ATEST
365,ATEST.A
366,ATEST.B
367,ATEST.C
368,ATFV
369,ATGE
370,ATH$A
371,ATH$B
372,ATH$C
373,ATH$D
374,ATH$E
375,ATHM
376,ATI
377,ATIP
378,ATIP.W
379,ATKR
380,ATMP
381,ATNM
382,ATO
383,ATR
384,ATTO
385,ATUS
386,AU
387,AUB
388,AUB$A
389,AUD
390,AUGZ
391,AULT
392,AULT$D
393,AUMN
394,AUSF
395,AUST
396,AVA
397,AVAL
398,AVB
399,AVD
400,AVDE
401,AVDV
402,AVEM
403,AVES
404,AVGE
405,AVIE
406,AVIG
407,AVIV
408,AVK
409,AVLV
410,AVMU
411,AVNS
412,AVNT
413,AVRE
414,AVSC
415,AVSD
416,AVSE
417,AVSF
418,AVSU
419,AVTR
420,AVUS
421,AVUV
422,AVY
423,AWAY
424,AWEG
425,AWF
426,AWI
427,AWK
428,AWP
429,AWR
430,AWX
431,AX
432,AXAC
433,AXAC.R
434,AXAC.W
435,AXL
436,AXP
437,AXR
438,AXS
439,AXS$E
440,AXTA
441,AYI
442,AYX
443,AZEK
444,AZO
445,AZRE
446,AZTD
447,AZUL
448,AZZ
449,B
450,BA
451,BAB
452,BABA
453,BAC
454,BAC$B
455,BAC$E
456,BAC$K
457,BAC$L
458,BAC$M
459,BAC$N
460,BAC$O
461,BAC$P
462,BAC$Q
463,BAC$S
464,BACA
465,BAD
466,BAH
467,BAK
468,BAL
469,BALL
470,BALT
471,BALY
472,BAM
473,BANC
474,BAP
475,BAPR
476,BAR
477,BARK
478,BARK.W
479,BATL
480,BATT
481,BAUG
482,BAX
483,BB
484,BBAG
485,BBAI
486,BBAI.W
487,BBAR
488,BBAX
489,BBC
490,BBCA
491,BBCB
492,BBD
493,BBDC
494,BBDO
495,BBEU
496,BBHY
497,BBIB
498,BBIN
499,BBJP
500,BBLB
501,BBLN
502,BBLU
503,BBMC
504,BBN
505,BBP
506,BBRE
507,BBSA
508,BBSB
509,BBSC
510,BBU
511,BBUC
512,BBUS
513,BBVA
514,BBW
515,BBWI
516,BBY
517,BC
518,BC$A
519,BC$B
520,BC$C
521,BCAT
522,BCC
523,BCD
524,BCDF
525,BCE
526,BCH
527,BCI
528,BCIM
529,BCM
530,BCO
531,BCS
532,BCSF
533,BCV
534,BCV$A
535,BCX
536,BDC
537,BDCX
538,BDCZ
539,BDEC
540,BDJ
541,BDL
542,BDN
543,BDRY
544,BDX
545,BDXB
546,BE
547,BECO
548,BEDU
549,BEDZ
550,BEKE
551,BEMB
552,BEN
553,BEP
554,BEP$A
555,BEPC
556,BEPH
557,BEPI
558,BERY
559,BERZ
560,BEST
561,BETZ
562,BF.A
563,BF.B
564,BFAC
565,BFAC.U
566,BFAC.W
567,BFAM
568,BFEB
569,BFH
570,BFIX
571,BFK
572,BFLY
573,BFLY.W
574,BFOR
575,BFS
576,BFS$D
577,BFS$E
578,BFTR
579,BFZ
580,BG
581,BGB
582,BGH
583,BGI
584,BGLD
585,BGR
586,BGS
587,BGSF
588,BGT
589,BGX
590,BGY
591,BH
592,BH.A
593,BHB
594,BHC
595,BHE
596,BHG
597,BHIL
598,BHIL.W
599,BHK
600,BHLB
601,BHM
602,BHP
603,BHR
604,BHR$B
605,BHR$D
606,BHV
607,BHVN
608,BIBL
609,BIDS
610,BIG
611,BIGZ
612,BIL
613,BILL
614,BILS
615,BIO
616,BIO.B
617,BIP
618,BIP$A
619,BIP$B
620,BIPC
621,BIPH
622,BIPI
623,BIT
624,BITC
625,BITE
626,BITE.U
627,BITE.W
628,BITI
629,BITO
630,BITQ
631,BIV
632,BIZD
633,BJ
634,BJAN
635,BJUL
636,BJUN
637,BK
638,BKAG
639,BKCI
640,BKD
641,BKDT
642,BKE
643,BKEM
644,BKES
645,BKF
646,BKGI
647,BKH
648,BKHY
649,BKI
650,BKIE
651,BKIS
652,BKKT
653,BKKT.W
654,BKLC
655,BKLN
656,BKMC
657,BKN
658,BKSB
659,BKSE
660,BKSY
661,BKSY.W
662,BKT
663,BKTI
664,BKU
665,BKUI
666,BKUS
667,BLCO
668,BLD
669,BLDG
670,BLDR
671,BLE
672,BLES
673,BLHY
674,BLK
675,BLKC
676,BLND
677,BLOK
678,BLUA
679,BLUA.U
680,BLUA.W
681,BLV
682,BLW
683,BLX
684,BMA
685,BMAC
686,BMAC.U
687,BMAC.W
688,BMAR
689,BMAY
690,BME
691,BMED
692,BMEZ
693,BMI
694,BML$G
695,BML$H
696,BML$J
697,BML$L
698,BMN
699,BMO
700,BMTX
701,BMTX.W
702,BMY
703,BN
704,BNDC
705,BNDD
706,BNDI
707,BNE
708,BNED
709,BNGE
710,BNH
711,BNJ
712,BNKD
713,BNKU
714,BNL
715,BNO
716,BNOV
717,BNRE
718,BNS
719,BNY
720,BOAC
721,BOAC.U
722,BOAC.W
723,BOAT
724,BOC
725,BOCT
726,BODY
727,BODY.W
728,BOE
729,BOH
730,BOH$A
731,BOIL
732,BOND
733,BOOT
734,BORR
735,BOSS
736,BOUT
737,BOWL
738,BOX
739,BOXX
740,BP
741,BPAY
742,BPT
743,BQ
744,BR
745,BRBR
746,BRBS
747,BRC
748,BRCC
749,BRD
750,BRD.U
751,BRD.W
752,BRDG
753,BRDS
754,BRDS.W
755,BRF
756,BRFS
757,BRK.A
758,BRK.B
759,BRLN
760,BRMK
761,BRN
762,BRO
763,BROS
764,BRSP
765,BRT
766,BRW
767,BRX
768,BRZU
769,BSAC
770,BSAQ
771,BSAQ.U
772,BSAQ.W
773,BSBR
774,BSEA
775,BSEP
776,BSIG
777,BSL
778,BSM
779,BSR
780,BST
781,BSTP
782,BSTZ
783,BSV
784,BSX
785,BSX$A
786,BTA
787,BTAL
788,BTCM
789,BTE
790,BTEK
791,BTG
792,BTHM
793,BTI
794,BTO
795,BTR
796,BTT
797,BTTR
798,BTU
799,BTZ
800,BUCK
801,BUD
802,BUFB
803,BUFD
804,BUFF
805,BUFG
806,BUFQ
807,BUFR
808,BUFT
809,BUI
810,BUL
811,BULZ
812,BUR
813,BURL
814,BURU
815,BURU.W
816,BUYW
817,BUYZ
818,BUZZ
819,BV
820,BVH
821,BVN
822,BW
823,BW$A
824,BWA
825,BWEB
826,BWET
827,BWG
828,BWNB
829,BWSN
830,BWX
831,BWXT
832,BWZ
833,BX
834,BXC
835,BXMT
836,BXMX
837,BXP
838,BXSL
839,BY
840,BYD
841,BYLD
842,BYM
843,BYN
844,BYN.U
845,BYN.W
846,BYRE
847,BYTE
848,BZH
849,BZQ
850,C
851,C$J
852,C$K
853,C$N
854,CAAP
855,CABO
856,CACI
857,CADE
858,CADE$A
859,CAE
860,CAF
861,CAG
862,CAH
863,CAL
864,CALF
865,CALX
866,CAMX
867,CANE
868,CANF
869,CANG
870,CANO
871,CANO.W
872,CAOS
873,CAPE
874,CAPL
875,CARR
876,CARS
877,CARY
878,CAT
879,CATO
880,CATX
881,CB
882,CBD
883,CBH
884,CBL
885,CBLS
886,CBO
887,CBOE
888,CBON
889,CBRE
890,CBSE
891,CBT
892,CBU
893,CBX
894,CBZ
895,CC
896,CCEL
897,CCF
898,CCI
899,CCJ
900,CCK
901,CCL
902,CCM
903,CCO
904,CCOR
905,CCRD
906,CCRV
907,CCS
908,CCU
909,CCV
910,CCV.U
911,CCV.W
912,CCVI
913,CCVI.U
914,CCVI.W
915,CCZ
916,CDAY
917,CDE
918,CDEI
919,CDR$B
920,CDR$C
921,CDRE
922,CDX
923,CE
924,CEE
925,CEF
926,CEFD
927,CEFS
928,CEI
929,CEIX
930,CELG.R
931,CEM
932,CEMB
933,CEN
934,CEPU
935,CEQP
936,CEQP$
937,CET
938,CETF
939,CEV
940,CEW
941,CF
942,CFCV
943,CFG
944,CFG$D
945,CFG$E
946,CFR
947,CFR$B
948,CGA
949,CGAU
950,CGCP
951,CGDV
952,CGGO
953,CGGR
954,CGMS
955,CGMU
956,CGSD
957,CGUS
958,CGV
959,CGW
960,CGXU
961,CHAA
962,CHAU
963,CHCT
964,CHD
965,CHE
966,CHGG
967,CHGX
968,CHH
969,CHIC
970,CHIE
971,CHIH
972,CHII
973,CHIK
974,CHIM
975,CHIQ
976,CHIR
977,CHIS
978,CHIU
979,CHIX
980,CHMI
981,CHMI$A
982,CHMI$B
983,CHN
984,CHPT
985,CHRG
986,CHS
987,CHT
988,CHWY
989,CI
990,CIA
991,CIB
992,CIEN
993,CIF
994,CIG
995,CIG.C
996,CII
997,CIK
998,CIM
999,CIM$A
1000,CIM$B
1001,CIM$C
1002,CIM$D
1003,CINT
1004,CIO
1005,CIO$A
1006,CION
1007,CIR
1008,CIVI
1009,CIX
1010,CKX
1011,CL
1012,CLB
1013,CLBR
1014,CLBR.U
1015,CLBR.W
1016,CLCO
1017,CLDL
1018,CLDT
1019,CLDT$A
1020,CLF
1021,CLH
1022,CLIX
1023,CLM
1024,CLNR
1025,CLOI
1026,CLOZ
1027,CLPR
1028,CLS
1029,CLSE
1030,CLTL
1031,CLVT
1032,CLVT$A
1033,CLW
1034,CLX
1035,CM
1036,CMA
1037,CMBS
1038,CMC
1039,CMCL
1040,CMCM
1041,CMDY
1042,CMF
1043,CMG
1044,CMI
1045,CMP
1046,CMRE
1047,CMRE$B
1048,CMRE$C
1049,CMRE$D
1050,CMRE$E
1051,CMS
1052,CMS$B
1053,CMS$C
1054,CMSA
1055,CMSC
1056,CMSD
1057,CMT
1058,CMTG
1059,CMU
1060,CN
1061,CNA
1062,CNBS
1063,CNC
1064,CNDA
1065,CNDA.U
1066,CNDA.W
1067,CNDB
1068,CNDB.U
1069,CNDB.W
1070,CNF
1071,CNHI
1072,CNI
1073,CNK
1074,CNM
1075,CNMD
1076,CNNE
1077,CNO
1078,CNO$A
1079,CNP
1080,CNQ
1081,CNRG
1082,CNS
1083,CNX
1084,CNXT
1085,CNYA
1086,CO
1087,CODI
1088,CODI$A
1089,CODI$B
1090,CODI$C
1091,COE
1092,COF
1093,COF$I
1094,COF$J
1095,COF$K
1096,COF$L
1097,COF$N
1098,COHN
1099,COHR
1100,COLD
1101,COM
1102,COMB
1103,COMP
1104,COO
1105,COOK
1106,COP
1107,COPX
1108,CORN
1109,CORP
1110,CORR
1111,CORR$A
1112,CORS
1113,CORS.U
1114,CORS.W
1115,COTY
1116,COUR
1117,COW
1118,COWZ
1119,CP
1120,CPA
1121,CPAC
1122,CPB
1123,CPE
1124,CPER
1125,CPF
1126,CPG
1127,CPHI
1128,CPI
1129,CPII
1130,CPK
1131,CPNG
1132,CPRI
1133,CPS
1134,CPT
1135,CPTK
1136,CPTK.U
1137,CPUH
1138,CPUH.U
1139,CPUH.W
1140,CQP
1141,CQQQ
1142,CR
1143,CRAK
1144,CRBG
1145,CRBN
1146,CRC
1147,CRD.A
1148,CRD.B
1149,CRED
1150,CRF
1151,CRGY
1152,CRH
1153,CRI
1154,CRIT
1155,CRK
1156,CRL
1157,CRM
1158,CRPT
1159,CRS
1160,CRT
1161,CRUZ
1162,CRYP
1163,CS
1164,CSAN
1165,CSD
1166,CSHI
1167,CSL
1168,CSM
1169,CSR
1170,CSR$C
1171,CSTA
1172,CSTA.U
1173,CSTA.W
1174,CSTM
1175,CSV
1176,CTA
1177,CTA$A
1178,CTA$B
1179,CTBB
1180,CTDD
1181,CTEST
1182,CTEST.E
1183,CTEST.G
1184,CTEST.L
1185,CTEST.O
1186,CTEST.S
1187,CTEST.V
1188,CTEX
1189,CTGO
1190,CTLT
1191,CTM
1192,CTO
1193,CTO$A
1194,CTOS
1195,CTOS.W
1196,CTR
1197,CTRA
1198,CTRE
1199,CTS
1200,CTV
1201,CTV.W
1202,CTVA
1203,CUBB
1204,CUBE
1205,CUBI
1206,CUBI$E
1207,CUBI$F
1208,CUBS
1209,CUK
1210,CULP
1211,CURE
1212,CURO
1213,CURV
1214,CUT
1215,CUZ
1216,CVAR
1217,CVE
1218,CVE.W
1219,CVEO
1220,CVI
1221,CVIE
1222,CVII
1223,CVII.U
1224,CVII.W
1225,CVLC
1226,CVM
1227,CVMC
1228,CVNA
1229,CVR
1230,CVS
1231,CVSB
1232,CVSE
1233,CVU
1234,CVX
1235,CVY
1236,CW
1237,CWAN
1238,CWB
1239,CWEB
1240,CWEN
1241,CWEN.A
1242,CWH
1243,CWI
1244,CWK
1245,CWS
1246,CWT
1247,CX
1248,CXAC
1249,CXAC.U
1250,CXAC.W
1251,CXE
1252,CXH
1253,CXM
1254,CXT
1255,CXW
1256,CYA
1257,CYB
1258,CYBN
1259,CYD
1260,CYH
1261,CZA
1262,CZOO
1263,D
1264,DAC
1265,DAL
1266,DALT
1267,DAN
1268,DAO
1269,DAPR
1270,DAR
1271,DASH
1272,DAT
1273,DAUG
1274,DAVA
1275,DB
1276,DBA
1277,DBAW
1278,DBB
1279,DBC
1280,DBD
1281,DBE
1282,DBEF
1283,DBEH
1284,DBEM
1285,DBEU
1286,DBEZ
1287,DBGR
1288,DBI
1289,DBJA
1290,DBJP
1291,DBL
1292,DBMF
1293,DBND
1294,DBO
1295,DBOC
1296,DBP
1297,DBRG
1298,DBRG$H
1299,DBRG$I
1300,DBRG$J
1301,DC
1302,DC.W
1303,DCF
1304,DCI
1305,DCMB
1306,DCO
1307,DCP
1308,DCP$B
1309,DCP$C
1310,DD
1311,DDD
1312,DDEC
1313,DDL
1314,DDLS
1315,DDM
1316,DDS
1317,DDT
1318,DDWM
1319,DE
1320,DEA
1321,DECK
1322,DECT
1323,DECW
1324,DECZ
1325,DEED
1326,DEEF
1327,DEEP
1328,DEF
1329,DEFI
1330,DEHP
1331,DEI
1332,DEIF
1333,DELL
1334,DEM
1335,DEN
1336,DEO
1337,DES
1338,DESP
1339,DEUS
1340,DEW
1341,DFAC
1342,DFAE
1343,DFAI
1344,DFAR
1345,DFAS
1346,DFAT
1347,DFAU
1348,DFAX
1349,DFCF
1350,DFE
1351,DFEB
1352,DFEM
1353,DFEN
1354,DFEV
1355,DFGR
1356,DFH
1357,DFHY
1358,DFIC
1359,DFIN
1360,DFIP
1361,DFIS
1362,DFIV
1363,DFJ
1364,DFLV
1365,DFND
1366,DFNL
1367,DFNM
1368,DFNV
1369,DFP
1370,DFRA
1371,DFS
1372,DFSB
1373,DFSD
1374,DFSE
1375,DFSI
1376,DFSU
1377,DFSV
1378,DFUS
1379,DFUV
1380,DG
1381,DGIN
1382,DGP
1383,DGRO
1384,DGS
1385,DGT
1386,DGX
1387,DGZ
1388,DHF
1389,DHI
1390,DHR
1391,DHS
1392,DHT
1393,DHX
1394,DHY
1395,DIA
1396,DIAL
1397,DIAX
1398,DIEM
1399,DIG
1400,DIHP
1401,DIM
1402,DIN
1403,DINO
1404,DINT
1405,DIP
1406,DIS
1407,DISV
1408,DIT
1409,DIV
1410,DIVB
1411,DIVI
1412,DIVO
1413,DIVS
1414,DIVY
1415,DIVZ
1416,DJAN
1417,DJCB
1418,DJD
1419,DJIA
1420,DJP
1421,DJUL
1422,DJUN
1423,DK
1424,DKL
1425,DKRB
1426,DKS
1427,DLA
1428,DLB
1429,DLN
1430,DLNG
1431,DLNG$A
1432,DLNG$B
1433,DLR
1434,DLR$J
1435,DLR$K
1436,DLR$L
1437,DLS
1438,DLX
1439,DLY
1440,DM
1441,DMA
1442,DMAR
1443,DMAY
1444,DMB
1445,DMBS
1446,DMCY
1447,DMDV
1448,DMF
1449,DMO
1450,DMS
1451,DMS.W
1452,DMYY
1453,DMYY.U
1454,DMYY.W
1455,DNA
1456,DNA.W
1457,DNB
1458,DNL
1459,DNMR
1460,DNN
1461,DNOV
1462,DNOW
1463,DNP
1464,DO
1465,DOC
1466,DOCN
1467,DOCS
1468,DOCT
1469,DOG
1470,DOGG
1471,DOL
1472,DOLE
1473,DOMA
1474,DOMA.W
1475,DON
1476,DOOR
1477,DOUG
1478,DOV
1479,DOW
1480,DPG
1481,DPSI
1482,DPST
1483,DPZ
1484,DQ
1485,DRD
1486,DRH
1487,DRH$A
1488,DRI
1489,DRIP
1490,DRLL
1491,DRN
1492,DRQ
1493,DRSK
1494,DRV
1495,DSAQ
1496,DSAQ.U
1497,DSCF
1498,DSEP
1499,DSI
1500,DSJA
1501,DSL
1502,DSM
1503,DSMC
1504,DSOC
1505,DSS
1506,DSTL
1507,DSTX
1508,DSU
1509,DSX
1510,DSX$B
1511,DT
1512,DTB
1513,DTC
1514,DTD
1515,DTE
1516,DTEC
1517,DTF
1518,DTG
1519,DTH
1520,DTM
1521,DTRE
1522,DTW
1523,DUDE
1524,DUG
1525,DUHP
1526,DUK
1527,DUK$A
1528,DUKB
1529,DULL
1530,DURA
1531,DUSA
1532,DUSL
1533,DUST
1534,DV
1535,DVA
1536,DVN
1537,DVND
1538,DVYA
1539,DVYE
1540,DWAT
1541,DWCR
1542,DWLD
1543,DWM
1544,DWMF
1545,DWX
1546,DX
1547,DX$C
1548,DXC
1549,DXD
1550,DXF
1551,DXJ
1552,DY
1553,DYLD
1554,DYNF
1555,DZZ
1556,E
1557,EAD
1558,EAF
1559,EAFD
1560,EAGG
1561,EAI
1562,EAOA
1563,EAOK
1564,EAOM
1565,EAOR
1566,EAPR
1567,EARN
1568,EASG
1569,EAT
1570,EATV
1571,EATZ
1572,EB
1573,EBF
1574,EBLU
1575,EBND
1576,EBR
1577,EBR.B
1578,EBS
1579,EC
1580,ECAT
1581,ECC
1582,ECC$D
1583,ECCC
1584,ECCV
1585,ECCW
1586,ECCX
1587,ECF
1588,ECF$A
1589,ECH
1590,ECL
1591,ECLN
1592,ECNS
1593,ECON
1594,ECOZ
1595,ECVT
1596,ED
1597,EDC
1598,EDD
1599,EDEN
1600,EDF
1601,EDI
1602,EDIV
1603,EDN
1604,EDOG
1605,EDOW
1606,EDR
1607,EDU
1608,EDV
1609,EDZ
1610,EE
1611,EEA
1612,EELV
1613,EEM
1614,EEMD
1615,EEMO
1616,EEMS
1617,EEMV
1618,EEMX
1619,EES
1620,EET
1621,EEV
1622,EEX
1623,EFA
1624,EFAD
1625,EFAV
1626,EFAX
1627,EFC
1628,EFC$A
1629,EFC$B
1630,EFC$C
1631,EFG
1632,EFIV
1633,EFIX
1634,EFNL
1635,EFO
1636,EFR
1637,EFSH
1638,EFT
1639,EFU
1640,EFV
1641,EFX
1642,EFXT
1643,EFZ
1644,EGF
1645,EGGF
1646,EGGF.U
1647,EGGF.W
1648,EGIS
1649,EGLE
1650,EGO
1651,EGP
1652,EGPT
1653,EGUS
1654,EGY
1655,EHAB
1656,EHC
1657,EHI
1658,EIC
1659,EICA
1660,EIDO
1661,EIG
1662,EIM
1663,EINC
1664,EIPX
1665,EIRL
1666,EIS
1667,EIX
1668,EJAN
1669,EJUL
1670,EL
1671,ELA
1672,ELAN
1673,ELC
1674,ELD
1675,ELF
1676,ELLO
1677,ELMD
1678,ELME
1679,ELP
1680,ELQD
1681,ELS
1682,ELV
1683,EMAN
1684,EMBD
1685,EMCA
1686,EMCH
1687,EMCR
1688,EMD
1689,EMDM
1690,EMDV
1691,EME
1692,EMF
1693,EMFM
1694,EMFQ
1695,EMGC
1696,EMGD
1697,EMGF
1698,EMHC
1699,EMHY
1700,EMLC
1701,EMLP
1702,EMMF
1703,EMN
1704,EMNT
1705,EMO
1706,EMP
1707,EMPW
1708,EMQQ
1709,EMR
1710,EMSG
1711,EMTL
1712,EMTY
1713,EMX
1714,EMZA
1715,ENB
1716,ENFN
1717,ENFR
1718,ENIC
1719,ENJ
1720,ENLC
1721,ENO
1722,ENOR
1723,ENOV
1724,ENR
1725,ENRG
1726,ENS
1727,ENSV
1728,ENTR
1729,ENV
1730,ENVA
1731,ENX
1732,ENZ
1733,EOCT
1734,EOCW
1735,EOCW.U
1736,EOCW.W
1737,EOD
1738,EOG
1739,EOI
1740,EOS
1741,EOT
1742,EP
1743,EP$C
1744,EPAC
1745,EPAM
1746,EPC
1747,EPD
1748,EPHE
1749,EPI
1750,EPM
1751,EPOL
1752,EPP
1753,EPR
1754,EPR$C
1755,EPR$E
1756,EPR$G
1757,EPRF
1758,EPRT
1759,EPS
1760,EPU
1761,EPV
1762,EQAL
1763,EQC
1764,EQC$D
1765,EQH
1766,EQH$A
1767,EQH$C
1768,EQL
1769,EQNR
1770,EQOP
1771,EQR
1772,EQS
1773,EQT
1774,EQTY
1775,EQUL
1776,EQWL
1777,EQX
1778,ERC
1779,ERF
1780,ERH
1781,ERJ
1782,ERM
1783,ERO
1784,ERSX
1785,ERTH
1786,ERX
1787,ERY
1788,ES
1789,ESAB
1790,ESBA
1791,ESCR
1792,ESE
1793,ESEB
1794,ESG
1795,ESGA
1796,ESGB
1797,ESGG
1798,ESGN
1799,ESGS
1800,ESGV
1801,ESGY
1802,ESHY
1803,ESI
1804,ESIX
1805,ESML
1806,ESMT
1807,ESNT
1808,ESP
1809,ESRT
1810,ESS
1811,ESTC
1812,ESTE
1813,ESUS
1814,ET
1815,ET$C
1816,ET$D
1817,ET$E
1818,ETB
1819,ETD
1820,ETG
1821,ETHO
1822,ETI$
1823,ETJ
1824,ETN
1825,ETO
1826,ETR
1827,ETRN
1828,ETV
1829,ETW
1830,ETWO
1831,ETWO.W
1832,ETX
1833,ETY
1834,EU
1835,EUDG
1836,EUDV
1837,EUM
1838,EUO
1839,EURL
1840,EURN
1841,EUSA
1842,EUSB
1843,EUSC
1844,EVA
1845,EVAV
1846,EVBN
1847,EVC
1848,EVE
1849,EVE.U
1850,EVE.W
1851,EVEX
1852,EVEX.W
1853,EVF
1854,EVG
1855,EVH
1856,EVI
1857,EVM
1858,EVN
1859,EVNT
1860,EVR
1861,EVRI
1862,EVT
1863,EVTC
1864,EVTL
1865,EVTL.W
1866,EVUS
1867,EVV
1868,EVX
1869,EW
1870,EWA
1871,EWC
1872,EWCO
1873,EWD
1874,EWG
1875,EWGS
1876,EWH
1877,EWI
1878,EWJ
1879,EWK
1880,EWL
1881,EWM
1882,EWMC
1883,EWN
1884,EWO
1885,EWP
1886,EWQ
1887,EWRE
1888,EWS
1889,EWT
1890,EWU
1891,EWUS
1892,EWV
1893,EWW
1894,EWX
1895,EWY
1896,EWZ
1897,EXG
1898,EXI
1899,EXK
1900,EXP
1901,EXPR
1902,EXR
1903,EYLD
1904,EZA
1905,EZJ
1906,EZM
1907,EZU
1908,F
1909,F$B
1910,F$C
1911,F$D
1912,FACT
1913,FACT.U
1914,FACT.W
1915,FAF
1916,FAIL
1917,FAM
1918,FAN
1919,FAPR
1920,FAS
1921,FATH
1922,FATH.W
1923,FAUG
1924,FAX
1925,FAZ
1926,FBCG
1927,FBCV
1928,FBGX
1929,FBIN
1930,FBK
1931,FBND
1932,FBP
1933,FBRT
1934,FBRT$E
1935,FBT
1936,FC
1937,FCF
1938,FCG
1939,FCLD
1940,FCN
1941,FCO
1942,FCOM
1943,FCOR
1944,FCPI
1945,FCPT
1946,FCRX
1947,FCSH
1948,FCT
1949,FCTR
1950,FCUS
1951,FCX
1952,FDAT
1953,FDD
1954,FDEC
1955,FDEM
1956,FDEU
1957,FDEV
1958,FDG
1959,FDHT
1960,FDHY
1961,FDIS
1962,FDL
1963,FDLO
1964,FDLS
1965,FDM
1966,FDMO
1967,FDN
1968,FDP
1969,FDRR
1970,FDRV
1971,FDS
1972,FDV
1973,FDVV
1974,FDWM
1975,FDX
1976,FE
1977,FEBT
1978,FEBW
1979,FEBZ
1980,FEDL
1981,FEDM
1982,FEDU
1983,FEEM
1984,FEHY
1985,FEI
1986,FEIG
1987,FEN
1988,FENG
1989,FENY
1990,FERG
1991,FET
1992,FEUS
1993,FEZ
1994,FF
1995,FFA
1996,FFC
1997,FFEB
1998,FFHG
1999,FFIU
2000,FFND
2001,FFSG
2002,FFTG
2003,FFTI
2004,FFTY
2005,FG
2006,FGB
2007,FGD
2008,FGH
2009,FGLD
2010,FGRO
2011,FHI
2012,FHLC
2013,FHN
2014,FHN$B
2015,FHN$C
2016,FHN$D
2017,FHN$E
2018,FHN$F
2019,FHYS
2020,FIAX
2021,FIBR
2022,FICO
2023,FIDI
2024,FIDU
2025,FIEE
2026,FIF
2027,FIG
2028,FIGB
2029,FIGS
2030,FIHD
2031,FILL
2032,FINS
2033,FINV
2034,FIS
2035,FISK
2036,FISR
2037,FITE
2038,FIVA
2039,FIVG
2040,FIW
2041,FIX
2042,FJAN
2043,FJUL
2044,FJUN
2045,FL
2046,FLAG
2047,FLAG.U
2048,FLAG.W
2049,FLAU
2050,FLAX
2051,FLBL
2052,FLBR
2053,FLC
2054,FLCA
2055,FLCB
2056,FLCH
2057,FLCO
2058,FLDR
2059,FLDZ
2060,FLEE
2061,FLEH
2062,FLFR
2063,FLGB
2064,FLGR
2065,FLGV
2066,FLHK
2067,FLHY
2068,FLIA
2069,FLIN
2070,FLIY
2071,FLJH
2072,FLJP
2073,FLKR
2074,FLLA
2075,FLLV
2076,FLMB
2077,FLME
2078,FLME.U
2079,FLME.W
2080,FLMI
2081,FLMX
2082,FLNG
2083,FLO
2084,FLOT
2085,FLQL
2086,FLQM
2087,FLQS
2088,FLR
2089,FLRG
2090,FLRN
2091,FLRT
2092,FLS
2093,FLSA
2094,FLSP
2095,FLSW
2096,FLT
2097,FLTB
2098,FLTN
2099,FLTR
2100,FLTW
2101,FLUD
2102,FLV
2103,FLYD
2104,FLYU
2105,FLZA
2106,FM
2107,FMAG
2108,FMAR
2109,FMAT
2110,FMAY
2111,FMC
2112,FMCX
2113,FMF
2114,FMIL
2115,FMN
2116,FMNY
2117,FMQQ
2118,FMS
2119,FMX
2120,FMY
2121,FN
2122,FNA
2123,FNB
2124,FNB$E
2125,FNCL
2126,FND
2127,FNDA
2128,FNDB
2129,FNDC
2130,FNDE
2131,FNDF
2132,FNDX
2133,FNF
2134,FNGD
2135,FNGG
2136,FNGO
2137,FNGS
2138,FNGU
2139,FNOV
2140,FNV
2141,FOA
2142,FOA.W
2143,FOCT
2144,FOF
2145,FOR
2146,FORG
2147,FORH
2148,FOUR
2149,FOVL
2150,FOXO
2151,FOXO.W
2152,FPAG
2153,FPE
2154,FPEI
2155,FPF
2156,FPFD
2157,FPH
2158,FPI
2159,FPL
2160,FPRO
2161,FPX
2162,FQAL
2163,FR
2164,FRA
2165,FRD
2166,FRDM
2167,FREL
2168,FREY
2169,FREY.W
2170,FRGE
2171,FRI
2172,FRNW
2173,FRO
2174,FRT
2175,FRT$C
2176,FRTY
2177,FRXB
2178,FRXB.U
2179,FRXB.W
2180,FSBD
2181,FSCO
2182,FSD
2183,FSEC
2184,FSEP
2185,FSI
2186,FSIG
2187,FSK
2188,FSLD
2189,FSLY
2190,FSM
2191,FSMB
2192,FSMD
2193,FSMO
2194,FSNB
2195,FSNB.U
2196,FSP
2197,FSR
2198,FSS
2199,FSST
2200,FSTA
2201,FSYD
2202,FT
2203,FTBD
2204,FTCH
2205,FTEC
2206,FTF
2207,FTHY
2208,FTI
2209,FTIF
2210,FTK
2211,FTLS
2212,FTS
2213,FTSD
2214,FTV
2215,FUBO
2216,FUL
2217,FUMB
2218,FUN
2219,FUNL
2220,FURY
2221,FUSI
2222,FUTY
2223,FVAL
2224,FVD
2225,FVRR
2226,FWD
2227,FXA
2228,FXB
2229,FXC
2230,FXD
2231,FXE
2232,FXED
2233,FXF
2234,FXG
2235,FXH
2236,FXI
2237,FXL
2238,FXLV
2239,FXN
2240,FXO
2241,FXP
2242,FXR
2243,FXU
2244,FXY
2245,FXZ
2246,FYLD
2247,FYLG
2248,FZT
2249,FZT.U
2250,FZT.W
2251,G
2252,GAA
2253,GAB
2254,GAB$G
2255,GAB$H
2256,GAB$K
2257,GABF
2258,GAL
2259,GAM
2260,GAM$B
2261,GAMR
2262,GAPR
2263,GAQ
2264,GAQ.U
2265,GAQ.W
2266,GAST
2267,GATO
2268,GATX
2269,GAU
2270,GAZ
2271,GB
2272,GB.W
2273,GBAB
2274,GBCI
2275,GBF
2276,GBIL
2277,GBLD
2278,GBLI
2279,GBR
2280,GBTG
2281,GBUY
2282,GBX
2283,GCAD
2284,GCC
2285,GCI
2286,GCLN
2287,GCO
2288,GCOR
2289,GCOW
2290,GCV
2291,GD
2292,GDDY
2293,GDE
2294,GDEF
2295,GDIV
2296,GDL
2297,GDL$C
2298,GDMA
2299,GDMN
2300,GDO
2301,GDOC
2302,GDOT
2303,GDV
2304,GDV$H
2305,GDV$K
2306,GDVD
2307,GDX
2308,GDXD
2309,GDXJ
2310,GDXU
2311,GE
2312,GEF
2313,GEF.B
2314,GEHI
2315,GEL
2316,GEM
2317,GEMD
2318,GENC
2319,GENI
2320,GEO
2321,GER
2322,GERM
2323,GES
2324,GETR
2325,GETR.W
2326,GETY
2327,GF
2328,GFEB
2329,GFF
2330,GFI
2331,GFL
2332,GFOF
2333,GFOR
2334,GFOR.U
2335,GFOR.W
2336,GFX
2337,GFX.U
2338,GFX.W
2339,GGB
2340,GGG
2341,GGN
2342,GGN$B
2343,GGRW
2344,GGT
2345,GGT$E
2346,GGT$G
2347,GGZ
2348,GHC
2349,GHG
2350,GHI
2351,GHL
2352,GHLD
2353,GHM
2354,GHTA
2355,GHY
2356,GHYB
2357,GHYG
2358,GIB
2359,GIC
2360,GIGB
2361,GII
2362,GIL
2363,GIM
2364,GINN
2365,GIS
2366,GJAN
2367,GJH
2368,GJO
2369,GJP
2370,GJR
2371,GJS
2372,GJT
2373,GK
2374,GKOS
2375,GL
2376,GL$D
2377,GLCN
2378,GLD
2379,GLDB
2380,GLDG
2381,GLDM
2382,GLDX
2383,GLIF
2384,GLIN
2385,GLL
2386,GLO
2387,GLOB
2388,GLOF
2389,GLOG$A
2390,GLOP
2391,GLOP$A
2392,GLOP$B
2393,GLOP$C
2394,GLOV
2395,GLP
2396,GLP$A
2397,GLP$B
2398,GLQ
2399,GLRY
2400,GLT
2401,GLTA
2402,GLTA.U
2403,GLTA.W
2404,GLTR
2405,GLU
2406,GLU$A
2407,GLU$B
2408,GLV
2409,GLW
2410,GM
2411,GMAR
2412,GME
2413,GMED
2414,GMET
2415,GMF
2416,GMOM
2417,GMRE
2418,GMRE$A
2419,GMS
2420,GMUN
2421,GNE
2422,GNE$A
2423,GNK
2424,GNL
2425,GNL$A
2426,GNL$B
2427,GNR
2428,GNRC
2429,GNS
2430,GNT
2431,GNT$A
2432,GNTY
2433,GNW
2434,GOAU
2435,GOEX
2436,GOF
2437,GOGN
2438,GOGN.U
2439,GOGN.W
2440,GOL
2441,GOLD
2442,GOLF
2443,GOOS
2444,GORO
2445,GOTU
2446,GOVT
2447,GOVZ
2448,GPAL
2449,GPC
2450,GPI
2451,GPJA
2452,GPK
2453,GPMT
2454,GPMT$A
2455,GPN
2456,GPOR
2457,GPRK
2458,GPS
2459,GQRE
2460,GRBK
2461,GRBK$A
2462,GRC
2463,GREI
2464,GREK
2465,GRES
2466,GRF
2467,GRFX
2468,GRMN
2469,GRN
2470,GRNB
2471,GRND
2472,GRND.W
2473,GRNT
2474,GRNT.W
2475,GROV
2476,GROV.W
2477,GROY
2478,GROY.W
2479,GRP.U
2480,GRX
2481,GRZZ
2482,GS
2483,GS$A
2484,GS$C
2485,GS$D
2486,GS$J
2487,GS$K
2488,GSAT
2489,GSBD
2490,GSEE
2491,GSEU
2492,GSEW
2493,GSFP
2494,GSG
2495,GSID
2496,GSIE
2497,GSIG
2498,GSJY
2499,GSK
2500,GSL
2501,GSL$B
2502,GSLC
2503,GSP
2504,GSPY
2505,GSQB
2506,GSQB.U
2507,GSQB.W
2508,GSSC
2509,GSST
2510,GSUS
2511,GSY
2512,GTE
2513,GTEK
2514,GTES
2515,GTIP
2516,GTLS
2517,GTLS$B
2518,GTN
2519,GTN.A
2520,GTO
2521,GTY
2522,GUG
2523,GUNR
2524,GURU
2525,GUSA
2526,GUSH
2527,GUT
2528,GUT$C
2529,GVA
2530,GVAL
2531,GVI
2532,GVIP
2533,GVLU
2534,GWH
2535,GWH.W
2536,GWRE
2537,GWW
2538,GWX
2539,GXC
2540,GXG
2541,GXO
2542,GYLD
2543,H
2544,HACK
2545,HAE
2546,HAIL
2547,HAL
2548,HAP
2549,HAPI
2550,HAPS
2551,HAPY
2552,HARD
2553,HART
2554,HASI
2555,HAUS
2556,HAUZ
2557,HAWX
2558,HAYW
2559,HBB
2560,HBI
2561,HBM
2562,HCA
2563,HCC
2564,HCI
2565,HCOM
2566,HCRB
2567,HCXY
2568,HD
2569,HDAW
2570,HDB
2571,HDEF
2572,HDG
2573,HDGE
2574,HDLB
2575,HDMV
2576,HDRO
2577,HDUS
2578,HDV
2579,HE
2580,HEAT
2581,HEDJ
2582,HEEM
2583,HEET
2584,HEFA
2585,HEGD
2586,HEI
2587,HEI.A
2588,HELX
2589,HEP
2590,HEQ
2591,HEQT
2592,HES
2593,HESM
2594,HEWC
2595,HEWJ
2596,HEWU
2597,HEZU
2598,HFGO
2599,HFND
2600,HFRO
2601,HFRO$A
2602,HFXI
2603,HGER
2604,HGLB
2605,HGTY
2606,HGTY.W
2607,HGV
2608,HHC
2609,HHLA
2610,HHLA.U
2611,HHLA.W
2612,HI
2613,HIBL
2614,HIBS
2615,HIDE
2616,HIDV
2617,HIE
2618,HIG
2619,HIG$G
2620,HIGH
2621,HII
2622,HIMS
2623,HIO
2624,HIPO
2625,HIPO.W
2626,HIPS
2627,HIW
2628,HIX
2629,HIYS
2630,HJEN
2631,HKD
2632,HKND
2633,HL
2634,HL$B
2635,HLF
2636,HLGE
2637,HLGN
2638,HLGN.W
2639,HLI
2640,HLIO
2641,HLLY
2642,HLLY.W
2643,HLN
2644,HLT
2645,HLX
2646,HMA
2647,HMA.U
2648,HMA.W
2649,HMC
2650,HMN
2651,HMOP
2652,HMY
2653,HNI
2654,HNRA
2655,HNRA.W
2656,HNW
2657,HOG
2658,HOM
2659,HOMB
2660,HOMZ
2661,HOTL
2662,HOUS
2663,HOV
2664,HP
2665,HPE
2666,HPF
2667,HPI
2668,HPP
2669,HPP$C
2670,HPQ
2671,HPS
2672,HQH
2673,HQL
2674,HR
2675,HRB
2676,HRI
2677,HRL
2678,HRT
2679,HRTG
2680,HSBC
2681,HSC
2682,HSCZ
2683,HSHP
2684,HSMV
2685,HSRT
2686,HSUN
2687,HSY
2688,HT
2689,HT$C
2690,HT$D
2691,HT$E
2692,HTAB
2693,HTD
2694,HTEC
2695,HTFB
2696,HTFC
2697,HTGC
2698,HTH
2699,HTRB
2700,HTUS
2701,HTY
2702,HUBB
2703,HUBS
2704,HUM
2705,HUN
2706,HUSA
2707,HUSV
2708,HUYA
2709,HVAL
2710,HVT
2711,HVT.A
2712,HWKZ
2713,HWKZ.U
2714,HWM
2715,HWM$
2716,HXL
2717,HY
2718,HYB
2719,HYBB
2720,HYBL
2721,HYD
2722,HYDB
2723,HYDW
2724,HYEM
2725,HYG
2726,HYGH
2727,HYGI
2728,HYGV
2729,HYGW
2730,HYHG
2731,HYI
2732,HYIN
2733,HYLB
2734,HYLD
2735,HYLG
2736,HYLN
2737,HYMB
2738,HYMU
2739,HYRM
2740,HYS
2741,HYT
2742,HYTR
2743,HYUP
2744,HYXU
2745,HZO
2746,IAE
2747,IAF
2748,IAG
2749,IAGG
2750,IAI
2751,IAK
2752,IAPR
2753,IAT
2754,IAU
2755,IAUF
2756,IAUM
2757,IAUX
2758,IBD
2759,IBDO
2760,IBDP
2761,IBDQ
2762,IBDR
2763,IBDS
2764,IBDT
2765,IBDU
2766,IBDV
2767,IBDW
2768,IBDX
2769,IBHC
2770,IBHD
2771,IBHE
2772,IBHF
2773,IBHG
2774,IBHH
2775,IBHI
2776,IBIO
2777,IBLC
2778,IBM
2779,IBML
2780,IBMM
2781,IBMN
2782,IBMO
2783,IBMP
2784,IBMQ
2785,IBN
2786,IBND
2787,IBO
2788,IBP
2789,IBRN
2790,IBUY
2791,ICAP
2792,ICD
2793,ICE
2794,ICF
2795,ICL
2796,ICLO
2797,ICNC
2798,ICNC.U
2799,ICNC.W
2800,ICOW
2801,ICR$A
2802,ICSH
2803,ICVT
2804,ID
2805,IDA
2806,IDAT
2807,IDE
2808,IDEV
2809,IDHQ
2810,IDLV
2811,IDMO
2812,IDNA
2813,IDOG
2814,IDR
2815,IDRV
2816,IDT
2817,IDU
2818,IDUB
2819,IDV
2820,IDVO
2821,IDW
2822,IDX
2823,IE
2824,IEDI
2825,IEFA
2826,IEMG
2827,IEO
2828,IETC
2829,IEUR
2830,IEV
2831,IEX
2832,IEZ
2833,IFED
2834,IFF
2835,IFIN
2836,IFIN.U
2837,IFIN.W
2838,IFN
2839,IFRA
2840,IFS
2841,IG
2842,IGA
2843,IGBH
2844,IGC
2845,IGD
2846,IGE
2847,IGEB
2848,IGHG
2849,IGI
2850,IGLB
2851,IGLD
2852,IGM
2853,IGN
2854,IGR
2855,IGRO
2856,IGT
2857,IGTR
2858,IGV
2859,IGZ
2860,IH
2861,IHAK
2862,IHD
2863,IHDG
2864,IHE
2865,IHF
2866,IHG
2867,IHI
2868,IHIT
2869,IHS
2870,IHT
2871,IHTA
2872,IHY
2873,IIF
2874,IIGD
2875,IIIN
2876,IIM
2877,IIPR
2878,IIPR$A
2879,IIVI
2880,IJAN
2881,IJH
2882,IJJ
2883,IJK
2884,IJR
2885,IJS
2886,IJUL
2887,ILCB
2888,ILCG
2889,ILCV
2890,ILDR
2891,ILF
2892,ILTB
2893,IMAX
2894,IMCB
2895,IMCG
2896,IMFL
2897,IMO
2898,IMOM
2899,IMSI
2900,IMTB
2901,IMTM
2902,INC
2903,INCO
2904,INDA
2905,INDF
2906,INDL
2907,INDO
2908,INDS
2909,INFA
2910,INFL
2911,INFU
2912,INFY
2913,ING
2914,INGR
2915,INKM
2916,INLX
2917,INMU
2918,INN
2919,INN$E
2920,INN$F
2921,INNO
2922,INQQ
2923,INSI
2924,INSP
2925,INST
2926,INSW
2927,INT
2928,INTF
2929,INTL
2930,INTT
2931,INUV
2932,INVH
2933,IOCT
2934,ION
2935,IONQ
2936,IONQ.W
2937,IOO
2938,IOR
2939,IOT
2940,IP
2941,IPAC
2942,IPAY
2943,IPB
2944,IPDP
2945,IPG
2946,IPI
2947,IPO
2948,IPOS
2949,IPPP
2950,IPVF
2951,IPVF.U
2952,IPVF.W
2953,IQDE
2954,IQDF
2955,IQDG
2956,IQDY
2957,IQHI
2958,IQI
2959,IQIN
2960,IQLT
2961,IQM
2962,IQSI
2963,IQSM
2964,IQSU
2965,IQV
2966,IR
2967,IRBA
2968,IRBO
2969,IRM
2970,IRNT
2971,IRNT.W
2972,IRRX
2973,IRRX.U
2974,IRRX.W
2975,IRS
2976,IRS.W
2977,IRT
2978,IRVH
2979,ISCB
2980,ISCF
2981,ISCG
2982,ISCV
2983,ISD
2984,ISDB
2985,ISDR
2986,ISMD
2987,ISRA
2988,ISVL
2989,ISWN
2990,ISZE
2991,IT
2992,ITA
2993,ITAN
2994,ITB
2995,ITCL
2996,ITEQ
2997,ITGR
2998,ITM
2999,ITOT
3000,ITP
3001,ITRG
3002,ITT
3003,ITUB
3004,ITW
3005,IVAL
3006,IVE
3007,IVES
3008,IVLU
3009,IVOG
3010,IVOL
3011,IVOO
3012,IVOV
3013,IVR
3014,IVR$B
3015,IVR$C
3016,IVRA
3017,IVRS
3018,IVT
3019,IVV
3020,IVW
3021,IVZ
3022,IWB
3023,IWC
3024,IWD
3025,IWDL
3026,IWF
3027,IWFG
3028,IWFH
3029,IWFL
3030,IWIN
3031,IWL
3032,IWLG
3033,IWM
3034,IWML
3035,IWN
3036,IWO
3037,IWP
3038,IWR
3039,IWS
3040,IWV
3041,IWX
3042,IWY
3043,IX
3044,IXC
3045,IXG
3046,IXJ
3047,IXN
3048,IXP
3049,IXSE
3050,IYC
3051,IYE
3052,IYF
3053,IYG
3054,IYH
3055,IYJ
3056,IYK
3057,IYLD
3058,IYM
3059,IYR
3060,IYT
3061,IYW
3062,IYY
3063,IYZ
3064,IZRL
3065,J
3066,JAAA
3067,JANT
3068,JANW
3069,JANZ
3070,JAVA
3071,JBBB
3072,JBGS
3073,JBI
3074,JBK
3075,JBL
3076,JBT
3077,JCE
3078,JCHI
3079,JCI
3080,JCPB
3081,JCPI
3082,JCTR
3083,JDST
3084,JEF
3085,JELD
3086,JEMA
3087,JEPI
3088,JEQ
3089,JETS
3090,JFR
3091,JFWD
3092,JGH
3093,JGRO
3094,JHAA
3095,JHCB
3096,JHDV
3097,JHEM
3098,JHG
3099,JHI
3100,JHID
3101,JHMB
3102,JHMD
3103,JHML
3104,JHMM
3105,JHPI
3106,JHS
3107,JHSC
3108,JHX
3109,JIB
3110,JIDA
3111,JIG
3112,JILL
3113,JIRE
3114,JJA
3115,JJC
3116,JJE
3117,JJG
3118,JJM
3119,JJN
3120,JJP
3121,JJS
3122,JJT
3123,JJU
3124,JKS
3125,JLL
3126,JLS
3127,JMBS
3128,JMEE
3129,JMIA
3130,JMM
3131,JMOM
3132,JMST
3133,JMUB
3134,JNJ
3135,JNK
3136,JNPR
3137,JNUG
3138,JO
3139,JOB
3140,JOBY
3141,JOBY.W
3142,JOE
3143,JOF
3144,JOJO
3145,JPC
3146,JPEM
3147,JPI
3148,JPIB
3149,JPIE
3150,JPIN
3151,JPM
3152,JPM$C
3153,JPM$D
3154,JPM$J
3155,JPM$K
3156,JPM$L
3157,JPM$M
3158,JPMB
3159,JPME
3160,JPRE
3161,JPS
3162,JPSE
3163,JPST
3164,JPSV
3165,JPT
3166,JPUS
3167,JPXN
3168,JQC
3169,JQUA
3170,JRE
3171,JRI
3172,JRNY
3173,JRO
3174,JRS
3175,JSCP
3176,JSD
3177,JSTC
3178,JT
3179,JUCY
3180,JULT
3181,JULW
3182,JULZ
3183,JUN
3184,JUN.U
3185,JUN.W
3186,JUNZ
3187,JUSA
3188,JUST
3189,JVAL
3190,JWN
3191,JWSM
3192,JWSM.U
3193,JWSM.W
3194,JXI
3195,JXN
3196,JXN$A
3197,JZRO
3198,K
3199,KAI
3200,KALL
3201,KAMN
3202,KAPR
3203,KAR
3204,KARB
3205,KARS
3206,KB
3207,KBA
3208,KBE
3209,KBH
3210,KBND
3211,KBR
3212,KBUY
3213,KCAL
3214,KCCA
3215,KCE
3216,KCGI
3217,KCGI.U
3218,KCGI.W
3219,KD
3220,KDIV
3221,KDRN
3222,KEMQ
3223,KEMX
3224,KEN
3225,KEP
3226,KESG
3227,KEUA
3228,KEX
3229,KEY
3230,KEY$I
3231,KEY$J
3232,KEY$K
3233,KEY$L
3234,KEYS
3235,KF
3236,KFS
3237,KFVG
3238,KFY
3239,KFYP
3240,KGC
3241,KGHG
3242,KGRN
3243,KGRO
3244,KHYB
3245,KIE
3246,KIM
3247,KIM$L
3248,KIM$M
3249,KIND
3250,KIO
3251,KIQ
3252,KJAN
3253,KJUL
3254,KKR
3255,KKR$C
3256,KKRS
3257,KLDW
3258,KLIP
3259,KLNE
3260,KLR
3261,KLR.W
3262,KMB
3263,KMED
3264,KMET
3265,KMF
3266,KMI
3267,KMLM
3268,KMPB
3269,KMPR
3270,KMT
3271,KMX
3272,KN
3273,KNG
3274,KNGS
3275,KNOP
3276,KNSL
3277,KNSW
3278,KNSW.U
3279,KNSW.W
3280,KNTK
3281,KNW
3282,KNX
3283,KO
3284,KOCG
3285,KOCT
3286,KODK
3287,KOF
3288,KOIN
3289,KOKU
3290,KOLD
3291,KOMP
3292,KONG
3293,KOP
3294,KORE
3295,KORE.W
3296,KORP
3297,KORU
3298,KOS
3299,KPOP
3300,KR
3301,KRBN
3302,KRC
3303,KRE
3304,KREF
3305,KREF$A
3306,KRG
3307,KRO
3308,KRP
3309,KRUZ
3310,KSA
3311,KSET
3312,KSM
3313,KSS
3314,KSTR
3315,KT
3316,KTB
3317,KTEC
3318,KTF
3319,KTH
3320,KTN
3321,KUKE
3322,KULR
3323,KURE
3324,KVLE
3325,KVUE
3326,KW
3327,KWEB
3328,KWR
3329,KWT
3330,KXI
3331,KYN
3332,L
3333,LABD
3334,LABU
3335,LAC
3336,LAD
3337,LADR
3338,LALT
3339,LANV
3340,LANV.W
3341,LAW
3342,LAZ
3343,LBAY
3344,LBRT
3345,LC
3346,LCF
3347,LCG
3348,LCII
3349,LCLG
3350,LCR
3351,LCTD
3352,LCTU
3353,LCTX
3354,LCW
3355,LCW.U
3356,LCW.W
3357,LD
3358,LDI
3359,LDOS
3360,LDP
3361,LDUR
3362,LEA
3363,LEAD
3364,LEG
3365,LEJU
3366,LEMB
3367,LEN
3368,LEN.B
3369,LEO
3370,LETB
3371,LEU
3372,LEV
3373,LEV.A
3374,LEV.W
3375,LEVI
3376,LEXI
3377,LFEQ
3378,LFT
3379,LFT$A
3380,LGF.A
3381,LGF.B
3382,LGH
3383,LGI
3384,LGL
3385,LGL.W
3386,LGLV
3387,LGOV
3388,LH
3389,LHC
3390,LHC.U
3391,LHX
3392,LICY
3393,LII
3394,LIN
3395,LIT
3396,LITB
3397,LJIM
3398,LKOR
3399,LL
3400,LLAP
3401,LLAP.W
3402,LLY
3403,LMND
3404,LMND.W
3405,LMT
3406,LNC
3407,LNC$D
3408,LND
3409,LNG
3410,LNN
3411,LOB
3412,LOCC
3413,LOCC.U
3414,LOCC.W
3415,LOCL
3416,LOCL.W
3417,LODE
3418,LOMA
3419,LONZ
3420,LOPP
3421,LOUP
3422,LOW
3423,LOWV
3424,LPG
3425,LPL
3426,LPTV
3427,LPX
3428,LQD
3429,LQDB
3430,LQDH
3431,LQDI
3432,LQDW
3433,LQIG
3434,LRGF
3435,LRN
3436,LRNZ
3437,LSAF
3438,LSAT
3439,LSF
3440,LSI
3441,LSPD
3442,LSST
3443,LTC
3444,LTH
3445,LTHM
3446,LTL
3447,LTPZ
3448,LU
3449,LUMN
3450,LUV
3451,LVHI
3452,LVOL
3453,LVS
3454,LVWR
3455,LVWR.W
3456,LW
3457,LXFR
3458,LXP
3459,LXP$C
3460,LXU
3461,LYB
3462,LYFE
3463,LYG
3464,LYV
3465,LZB
3466,M
3467,MA
3468,MAA
3469,MAA$I
3470,MAAX
3471,MAC
3472,MAG
3473,MAGA
3474,MAIA
3475,MAIN
3476,MAKX
3477,MAMB
3478,MAN
3479,MANU
3480,MARB
3481,MART
3482,MARW
3483,MARZ
3484,MAS
3485,MATV
3486,MATX
3487,MAV
3488,MAX
3489,MAYT
3490,MAYW
3491,MAYZ
3492,MBAC
3493,MBAC.U
3494,MBAC.W
3495,MBBB
3496,MBC
3497,MBCC
3498,MBI
3499,MBND
3500,MBNE
3501,MBOX
3502,MBSC
3503,MBSC.U
3504,MBSC.W
3505,MBSD
3506,MC
3507,MCB
3508,MCD
3509,MCH
3510,MCI
3511,MCK
3512,MCN
3513,MCO
3514,MCR
3515,MCS
3516,MCW
3517,MCY
3518,MD
3519,MDC
3520,MDEV
3521,MDLV
3522,MDT
3523,MDU
3524,MDV
3525,MDV$A
3526,MDY
3527,MDYG
3528,MDYV
3529,MEAR
3530,MEC
3531,MED
3532,MEDI
3533,MEG
3534,MEGI
3535,MEI
3536,MEM
3537,MEME
3538,MEMX
3539,MER$K
3540,MET
3541,MET$A
3542,MET$E
3543,MET$F
3544,METV
3545,MEXX
3546,MFA
3547,MFA$B
3548,MFA$C
3549,MFC
3550,MFD
3551,MFDX
3552,MFEM
3553,MFG
3554,MFM
3555,MFUL
3556,MFUS
3557,MFV
3558,MG
3559,MGA
3560,MGC
3561,MGF
3562,MGK
3563,MGLD
3564,MGM
3565,MGMT
3566,MGR
3567,MGRB
3568,MGRD
3569,MGV
3570,MGY
3571,MHD
3572,MHF
3573,MHH
3574,MHI
3575,MHK
3576,MHLA
3577,MHN
3578,MHNC
3579,MHO
3580,MID
3581,MIDE
3582,MIDU
3583,MIG
3584,MIMO
3585,MIMO.A
3586,MIMO.B
3587,MIMO.W
3588,MIN
3589,MINC
3590,MINN
3591,MINO
3592,MINT
3593,MINV
3594,MIO
3595,MIR
3596,MIR.W
3597,MISL
3598,MITQ
3599,MITT
3600,MITT$A
3601,MITT$B
3602,MITT$C
3603,MIXT
3604,MIY
3605,MJ
3606,MJUS
3607,MKC
3608,MKC.V
3609,MKFG
3610,MKFG.W
3611,MKL
3612,ML
3613,ML.W
3614,MLI
3615,MLM
3616,MLN
3617,MLNK
3618,MLP
3619,MLPA
3620,MLPB
3621,MLPO
3622,MLPR
3623,MLPX
3624,MLR
3625,MLSS
3626,MMC
3627,MMCA
3628,MMD
3629,MMI
3630,MMIN
3631,MMIT
3632,MMLG
3633,MMM
3634,MMP
3635,MMS
3636,MMSB
3637,MMSC
3638,MMT
3639,MMTM
3640,MMU
3641,MNA
3642,MNBD
3643,MNK
3644,MNP
3645,MNSO
3646,MNTN
3647,MNTN.U
3648,MNTN.W
3649,MO
3650,MOAT
3651,MOD
3652,MODG
3653,MODN
3654,MOG.A
3655,MOG.B
3656,MOGU
3657,MOH
3658,MOHR
3659,MOO
3660,MOOD
3661,MOON
3662,MORE
3663,MORT
3664,MOS
3665,MOTE
3666,MOTG
3667,MOTI
3668,MOTO
3669,MOV
3670,MP
3671,MPA
3672,MPAY
3673,MPC
3674,MPLN
3675,MPLN.W
3676,MPLX
3677,MPRO
3678,MPTI
3679,MPU
3680,MPV
3681,MPW
3682,MPX
3683,MQT
3684,MQY
3685,MRAD
3686,MRC
3687,MRDB
3688,MRDB.W
3689,MRGR
3690,MRK
3691,MRO
3692,MRSK
3693,MS
3694,MS$A
3695,MS$E
3696,MS$F
3697,MS$I
3698,MS$K
3699,MS$L
3700,MS$O
3701,MS$P
3702,MSA
3703,MSB
3704,MSC
3705,MSCI
3706,MSD
3707,MSGE
3708,MSGS
3709,MSI
3710,MSM
3711,MSMR
3712,MSN
3713,MSOS
3714,MSOX
3715,MSTB
3716,MSTQ
3717,MSVX
3718,MT
3719,MTA
3720,MTAL
3721,MTAL.U
3722,MTAL.W
3723,MTB
3724,MTB$H
3725,MTCN
3726,MTD
3727,MTDR
3728,MTG
3729,MTGP
3730,MTH
3731,MTN
3732,MTNB
3733,MTR
3734,MTRN
3735,MTUL
3736,MTUM
3737,MTVC
3738,MTVC.U
3739,MTVC.W
3740,MTVR
3741,MTW
3742,MTX
3743,MTZ
3744,MUA
3745,MUB
3746,MUC
3747,MUE
3748,MUFG
3749,MUI
3750,MUJ
3751,MUNI
3752,MUR
3753,MUSA
3754,MUSI
3755,MUST
3756,MUX
3757,MVF
3758,MVO
3759,MVPS
3760,MVRL
3761,MVT
3762,MVV
3763,MWA
3764,MWG
3765,MX
3766,MXC
3767,MXE
3768,MXF
3769,MXI
3770,MYD
3771,MYE
3772,MYI
3773,MYN
3774,MYO
3775,MYTE
3776,MYY
3777,MZZ
3778,NABL
3779,NAC
3780,NACP
3781,NAD
3782,NAIL
3783,NAK
3784,NAN
3785,NANC
3786,NANR
3787,NAPA
3788,NAPR
3789,NAT
3790,NAVB
3791,NAZ
3792,NBB
3793,NBCC
3794,NBCM
3795,NBCT
3796,NBDS
3797,NBH
3798,NBHC
3799,NBO
3800,NBR
3801,NBW
3802,NBXG
3803,NBY
3804,NC
3805,NCA
3806,NCLH
3807,NCR
3808,NCV
3809,NCV$A
3810,NCZ
3811,NCZ$A
3812,NDIV
3813,NDJI
3814,NDMO
3815,NDP
3816,NDVG
3817,NE
3818,NEA
3819,NEAR
3820,NEE
3821,NEE$N
3822,NEE$Q
3823,NEE$R
3824,NEM
3825,NEN
3826,NEP
3827,NERD
3828,NET
3829,NETC
3830,NETC.U
3831,NETC.W
3832,NETI
3833,NETL
3834,NETZ
3835,NEU
3836,NEWP
3837,NEWR
3838,NEX
3839,NEXA
3840,NFG
3841,NFGC
3842,NFJ
3843,NFLT
3844,NFNT
3845,NFNT.U
3846,NFNT.W
3847,NFRA
3848,NFYS
3849,NFYS.U
3850,NFYS.W
3851,NG
3852,NGD
3853,NGE
3854,NGG
3855,NGL
3856,NGL$B
3857,NGL$C
3858,NGS
3859,NGVC
3860,NGVT
3861,NHC
3862,NHI
3863,NHS
3864,NHWK
3865,NI
3866,NI$B
3867,NIB
3868,NIC
3869,NIE
3870,NIM
3871,NIMC
3872,NINE
3873,NIO
3874,NIQ
3875,NIWM
3876,NJAN
3877,NJR
3878,NJUL
3879,NKE
3880,NKX
3881,NL
3882,NLR
3883,NLS
3884,NLY
3885,NLY$F
3886,NLY$G
3887,NLY$I
3888,NM
3889,NM$G
3890,NM$H
3891,NMAI
3892,NMCO
3893,NMG
3894,NMI
3895,NMK$B
3896,NMK$C
3897,NML
3898,NMM
3899,NMR
3900,NMS
3901,NMT
3902,NMZ
3903,NNI
3904,NNN
3905,NNVC
3906,NNY
3907,NOA
3908,NOAH
3909,NOBL
3910,NOC
3911,NOCT
3912,NOG
3913,NOK
3914,NOM
3915,NOMD
3916,NOPE
3917,NORW
3918,NOTE
3919,NOTE.W
3920,NOV
3921,NOVA
3922,NOVZ
3923,NOW
3924,NPCT
3925,NPFD
3926,NPK
3927,NPO
3928,NPV
3929,NQP
3930,NR
3931,NRDY
3932,NRDY.W
3933,NREF
3934,NREF$A
3935,NRG
3936,NRGD
3937,NRGU
3938,NRGV
3939,NRGX
3940,NRK
3941,NRO
3942,NRP
3943,NRT
3944,NRUC
3945,NS
3946,NS$A
3947,NS$B
3948,NS$C
3949,NSA
3950,NSA$A
3951,NSC
3952,NSCS
3953,NSL
3954,NSP
3955,NSPI
3956,NSPL
3957,NSPY
3958,NSS
3959,NSTB
3960,NSTB.U
3961,NSTB.W
3962,NSTC
3963,NSTC.U
3964,NSTD
3965,NSTD.U
3966,NSTD.W
3967,NTB
3968,NTCO
3969,NTEST
3970,NTEST.A
3971,NTEST.B
3972,NTEST.C
3973,NTG
3974,NTIP
3975,NTKI
3976,NTR
3977,NTSE
3978,NTSI
3979,NTST
3980,NTSX
3981,NTZ
3982,NU
3983,NUAG
3984,NUBD
3985,NUDM
3986,NUDV
3987,NUE
3988,NUEM
3989,NUGO
3990,NUGT
3991,NUHY
3992,NULC
3993,NULG
3994,NULV
3995,NUMG
3996,NUMV
3997,NURE
3998,NUS
3999,NUSA
4000,NUSC
4001,NUSI
4002,NUV
4003,NUVB
4004,NUVB.W
4005,NUW
4006,NVBT
4007,NVBW
4008,NVG
4009,NVGS
4010,NVIR
4011,NVO
4012,NVQ
4013,NVR
4014,NVRO
4015,NVS
4016,NVST
4017,NVT
4018,NVTA
4019,NWG
4020,NWLG
4021,NWN
4022,NX
4023,NXC
4024,NXDT
4025,NXDT$A
4026,NXE
4027,NXG
4028,NXJ
4029,NXN
4030,NXP
4031,NXRT
4032,NXTE
4033,NYC
4034,NYCB
4035,NYCB$A
4036,NYCB$U
4037,NYF
4038,NYT
4039,NZF
4040,O
4041,OACP
4042,OAEM
4043,OAIA
4044,OAIB
4045,OAIE
4046,OAIM
4047,OAK$A
4048,OAK$B
4049,OALC
4050,OARK
4051,OBE
4052,OBND
4053,OBOR
4054,OC
4055,OCEN
4056,OCFT
4057,OCIO
4058,OCN
4059,OCTT
4060,OCTW
4061,OCTZ
4062,ODC
4063,ODV
4064,OEC
4065,OEF
4066,OEUR
4067,OFC
4068,OFG
4069,OGCP
4070,OGE
4071,OGEN
4072,OGIG
4073,OGN
4074,OGS
4075,OHI
4076,OI
4077,OIA
4078,OIH
4079,OII
4080,OIL
4081,OILD
4082,OILK
4083,OILU
4084,OIS
4085,OKE
4086,OLN
4087,OLO
4088,OLP
4089,OMC
4090,OMF
4091,OMFL
4092,OMFS
4093,OMI
4094,OND
4095,ONEO
4096,ONEV
4097,ONEY
4098,ONL
4099,ONLN
4100,ONOF
4101,ONON
4102,ONTF
4103,ONTO
4104,OOMA
4105,OOTO
4106,OPA
4107,OPA.U
4108,OPA.W
4109,OPAD
4110,OPAD.W
4111,OPER
4112,OPFI
4113,OPFI.W
4114,OPP
4115,OPP$A
4116,OPP$B
4117,OPPX
4118,OPTT
4119,OPY
4120,OR
4121,ORA
4122,ORAN
4123,ORC
4124,ORCC
4125,ORCL
4126,ORFN
4127,ORI
4128,ORLA
4129,ORN
4130,OSCR
4131,OSCV
4132,OSEA
4133,OSG
4134,OSI
4135,OSI.U
4136,OSI.W
4137,OSK
4138,OTIS
4139,OUNZ
4140,OUSA
4141,OUSM
4142,OUST
4143,OUST.A
4144,OUST.W
4145,OUT
4146,OVB
4147,OVF
4148,OVL
4149,OVLH
4150,OVM
4151,OVS
4152,OVT
4153,OVV
4154,OWL
4155,OWLT
4156,OWLT.W
4157,OWNS
4158,OXM
4159,OXY
4160,OXY.W
4161,OZ
4162,PAAS
4163,PAB
4164,PAC
4165,PACI
4166,PACI.U
4167,PACI.W
4168,PACK
4169,PAG
4170,PAGS
4171,PAI
4172,PAK
4173,PALC
4174,PALL
4175,PAM
4176,PAMC
4177,PAPR
4178,PAR
4179,PARR
4180,PATH
4181,PAUG
4182,PAVE
4183,PAWZ
4184,PAXS
4185,PAY
4186,PAYC
4187,PB
4188,PBA
4189,PBD
4190,PBDC
4191,PBDM
4192,PBE
4193,PBEE
4194,PBF
4195,PBH
4196,PBI
4197,PBI$B
4198,PBJ
4199,PBL
4200,PBND
4201,PBP
4202,PBR
4203,PBR.A
4204,PBS
4205,PBSM
4206,PBT
4207,PBTP
4208,PBUS
4209,PBW
4210,PCEF
4211,PCF
4212,PCG
4213,PCG$A
4214,PCG$B
4215,PCG$C
4216,PCG$D
4217,PCG$E
4218,PCG$G
4219,PCG$H
4220,PCG$I
4221,PCGU
4222,PCK
4223,PCM
4224,PCN
4225,PCOR
4226,PCQ
4227,PCRB
4228,PCY
4229,PD
4230,PDEC
4231,PDI
4232,PDM
4233,PDN
4234,PDO
4235,PDS
4236,PDT
4237,PEAK
4238,PEB
4239,PEB$E
4240,PEB$F
4241,PEB$G
4242,PEB$H
4243,PED
4244,PEG
4245,PEJ
4246,PEN
4247,PEO
4248,PERF
4249,PERF.W
4250,PEX
4251,PEXL
4252,PFD
4253,PFE
4254,PFEB
4255,PFFA
4256,PFFD
4257,PFFL
4258,PFFR
4259,PFFV
4260,PFGC
4261,PFH
4262,PFIG
4263,PFIX
4264,PFL
4265,PFLD
4266,PFLT
4267,PFN
4268,PFO
4269,PFRL
4270,PFS
4271,PFSI
4272,PFUT
4273,PFXF
4274,PG
4275,PGAL
4276,PGF
4277,PGHY
4278,PGM
4279,PGP
4280,PGR
4281,PGRE
4282,PGRO
4283,PGRU
4284,PGSS
4285,PGSS.U
4286,PGSS.W
4287,PGTI
4288,PGX
4289,PGZ
4290,PH
4291,PHB
4292,PHD
4293,PHDG
4294,PHG
4295,PHGE
4296,PHGE.U
4297,PHGE.W
4298,PHI
4299,PHK
4300,PHM
4301,PHR
4302,PHT
4303,PHX
4304,PHYD
4305,PHYL
4306,PHYS
4307,PHYT
4308,PHYT.U
4309,PHYT.W
4310,PIAI
4311,PIAI.U
4312,PIAI.W
4313,PICB
4314,PICK
4315,PIFI
4316,PII
4317,PILL
4318,PIM
4319,PIN
4320,PINE
4321,PINK
4322,PINS
4323,PIPR
4324,PIT
4325,PJAN
4326,PJFG
4327,PJFV
4328,PJP
4329,PJT
4330,PJUL
4331,PJUN
4332,PK
4333,PKB
4334,PKE
4335,PKG
4336,PKI
4337,PKST
4338,PKX
4339,PL
4340,PL.W
4341,PLAG
4342,PLAT
4343,PLD
4344,PLDR
4345,PLG
4346,PLM
4347,PLNT
4348,PLOW
4349,PLRG
4350,PLTL
4351,PLTM
4352,PLTR
4353,PLX
4354,PLYM
4355,PLYM$A
4356,PM
4357,PMAR
4358,PMAY
4359,PMF
4360,PML
4361,PMM
4362,PMO
4363,PMT
4364,PMT$A
4365,PMT$B
4366,PMT$C
4367,PMX
4368,PNC
4369,PNF
4370,PNI
4371,PNM
4372,PNNT
4373,PNOV
4374,PNR
4375,PNTM
4376,PNTM.U
4377,PNTM.W
4378,PNW
4379,POCT
4380,POL
4381,POL.W
4382,POR
4383,PORT
4384,PORT.U
4385,PORT.W
4386,POST
4387,PP
4388,PPA
4389,PPEM
4390,PPG
4391,PPI
4392,PPIE
4393,PPL
4394,PPLT
4395,PPT
4396,PPTY
4397,PQDI
4398,PR
4399,PRA
4400,PRAY
4401,PRE$J
4402,PREF
4403,PRF
4404,PRFD
4405,PRG
4406,PRGO
4407,PRH
4408,PRI
4409,PRIF$D
4410,PRIF$F
4411,PRIF$G
4412,PRIF$H
4413,PRIF$I
4414,PRIF$J
4415,PRIF$K
4416,PRIF$L
4417,PRIM
4418,PRK
4419,PRLB
4420,PRM
4421,PRMW
4422,PRNT
4423,PRO
4424,PRPC
4425,PRPC.U
4426,PRPC.W
4427,PRS
4428,PRT
4429,PRU
4430,PSA
4431,PSA$F
4432,PSA$G
4433,PSA$H
4434,PSA$I
4435,PSA$J
4436,PSA$K
4437,PSA$L
4438,PSA$M
4439,PSA$N
4440,PSA$O
4441,PSA$P
4442,PSA$Q
4443,PSA$R
4444,PSA$S
4445,PSCJ
4446,PSCQ
4447,PSCW
4448,PSCX
4449,PSDN
4450,PSEC$A
4451,PSEP
4452,PSF
4453,PSFD
4454,PSFE
4455,PSFE.W
4456,PSFF
4457,PSFJ
4458,PSFM
4459,PSFO
4460,PSI
4461,PSIL
4462,PSJ
4463,PSK
4464,PSLV
4465,PSMB
4466,PSMC
4467,PSMD
4468,PSMG
4469,PSMJ
4470,PSMM
4471,PSMO
4472,PSMR
4473,PSN
4474,PSO
4475,PSP
4476,PSPC
4477,PSPC.U
4478,PSPC.W
4479,PSQ
4480,PSR
4481,PST
4482,PSTG
4483,PSTL
4484,PSTP
4485,PSX
4486,PTA
4487,PTBD
4488,PTEU
4489,PTIN
4490,PTLC
4491,PTMC
4492,PTN
4493,PTRB
4494,PTY
4495,PUK
4496,PULS
4497,PULT
4498,PUMP
4499,PUNK
4500,PUTW
4501,PVAL
4502,PVH
4503,PVI
4504,PVL
4505,PW
4506,PW$A
4507,PWB
4508,PWC
4509,PWR
4510,PWS
4511,PWSC
4512,PWV
4513,PWZ
4514,PX
4515,PXD
4516,PXE
4517,PXF
4518,PXH
4519,PXJ
4520,PXQ
4521,PXUS
4522,PYN
4523,PYPE
4524,PYT
4525,PZA
4526,PZC
4527,PZG
4528,PZT
4529,QAI
4530,QARP
4531,QBTS
4532,QBTS.W
4533,QCON
4534,QD
4535,QDEC
4536,QDEF
4537,QDF
4538,QDIV
4539,QDPL
4540,QDYN
4541,QEFA
4542,QEMM
4543,QFTA
4544,QFTA.U
4545,QGEN
4546,QGRO
4547,QGRW
4548,QID
4549,QINT
4550,QJUN
4551,QLC
4552,QLD
4553,QLTA
4554,QLV
4555,QLVD
4556,QLVE
4557,QMAR
4558,QMOM
4559,QPFF
4560,QPX
4561,QQH
4562,QRFT
4563,QS
4564,QSPT
4565,QSR
4566,QSWN
4567,QTAP
4568,QTJA
4569,QTJL
4570,QTOC
4571,QTUM
4572,QTWO
4573,QUAD
4574,QUAL
4575,QULL
4576,QUOT
4577,QUS
4578,QVAL
4579,QVCC
4580,QVCD
4581,QVML
4582,QVMM
4583,QVMS
4584,QVOY
4585,QWLD
4586,QWST
4587,R
4588,RA
4589,RAAS
4590,RAAX
4591,RACE
4592,RAD
4593,RAFE
4594,RAMP
4595,RATE
4596,RAVI
4597,RAYC
4598,RAYD
4599,RAYE
4600,RBA
4601,RBC
4602,RBCP
4603,RBLD
4604,RBLX
4605,RBOT
4606,RBOT.W
4607,RBT
4608,RBT.W
4609,RC
4610,RC$C
4611,RC$E
4612,RCA
4613,RCB
4614,RCC
4615,RCD
4616,RCFA
4617,RCFA.U
4618,RCFA.W
4619,RCG
4620,RCI
4621,RCL
4622,RCS
4623,RCUS
4624,RDFI
4625,RDIV
4626,RDN
4627,RDOG
4628,RDVI
4629,RDW
4630,RDW.W
4631,RDY
4632,RE
4633,RECS
4634,REET
4635,REGL
4636,REI
4637,REK
4638,RELX
4639,REM
4640,REMX
4641,RENN
4642,RENW
4643,REPX
4644,RERE
4645,RES
4646,RESD
4647,RESE
4648,RESI
4649,RESP
4650,RETL
4651,REVG
4652,REVS
4653,REW
4654,REX
4655,REXR
4656,REXR$B
4657,REXR$C
4658,REZ
4659,REZI
4660,RF
4661,RF$B
4662,RF$C
4663,RF$E
4664,RFCI
4665,RFDA
4666,RFFC
4667,RFG
4668,RFI
4669,RFL
4670,RFM
4671,RFMZ
4672,RFV
4673,RGA
4674,RGI
4675,RGR
4676,RGS
4677,RGT
4678,RH
4679,RHCB
4680,RHE
4681,RHE$A
4682,RHI
4683,RHP
4684,RHRX
4685,RHS
4686,RHTX
4687,RIET
4688,RIG
4689,RIGS
4690,RINF
4691,RIO
4692,RISN
4693,RISR
4694,RITA
4695,RITM
4696,RITM$A
4697,RITM$B
4698,RITM$C
4699,RITM$D
4700,RIV
4701,RIV$A
4702,RJAC
4703,RJAC.U
4704,RJF
4705,RJF$B
4706,RKT
4707,RL
4708,RLGT
4709,RLI
4710,RLJ
4711,RLJ$A
4712,RLTY
4713,RLX
4714,RLY
4715,RM
4716,RMAX
4717,RMD
4718,RMED
4719,RMI
4720,RMM
4721,RMMZ
4722,RMPL$
4723,RMT
4724,RNG
4725,RNGR
4726,RNP
4727,RNR
4728,RNR$F
4729,RNR$G
4730,RNWZ
4731,ROAM
4732,ROBO
4733,ROCI
4734,RODE
4735,RODM
4736,ROG
4737,ROK
4738,ROKT
4739,ROL
4740,ROM
4741,ROMO
4742,RONI
4743,RONI.U
4744,RONI.W
4745,ROOF
4746,ROP
4747,RORO
4748,ROSC
4749,ROSS
4750,ROSS.U
4751,ROSS.W
4752,ROUS
4753,RPAR
4754,RPG
4755,RPHS
4756,RPM
4757,RPT
4758,RPT$D
4759,RPV
4760,RQI
4761,RRAC
4762,RRAC.U
4763,RRAC.W
4764,RRC
4765,RRH
4766,RRX
4767,RS
4768,RSBT
4769,RSEE
4770,RSF
4771,RSG
4772,RSI
4773,RSKD
4774,RSP
4775,RSPE
4776,RSPY
4777,RTAI
4778,RTM
4779,RTO
4780,RTX
4781,RUFF
4782,RULE
4783,RVLV
4784,RVNU
4785,RVP
4786,RVRB
4787,RVT
4788,RWJ
4789,RWK
4790,RWL
4791,RWM
4792,RWO
4793,RWR
4794,RWT
4795,RWT$A
4796,RWX
4797,RXD
4798,RXI
4799,RXL
4800,RXO
4801,RY
4802,RY$T
4803,RYAM
4804,RYAN
4805,RYE
4806,RYF
4807,RYH
4808,RYI
4809,RYJ
4810,RYLD
4811,RYLG
4812,RYN
4813,RYSE
4814,RYT
4815,RYU
4816,RZB
4817,RZC
4818,RZG
4819,RZV
4820,S
4821,SA
4822,SAA
4823,SACC
4824,SACH
4825,SACH$A
4826,SAEF
4827,SAFE
4828,SAGP
4829,SAH
4830,SAIC
4831,SAJ
4832,SAM
4833,SAMT
4834,SAN
4835,SAND
4836,SANE
4837,SAP
4838,SAR
4839,SAT
4840,SATO
4841,SATX
4842,SATX.A
4843,SAVE
4844,SAVN
4845,SAY
4846,SAZ
4847,SB
4848,SB$C
4849,SB$D
4850,SBB
4851,SBBA
4852,SBEV
4853,SBEV.W
4854,SBH
4855,SBI
4856,SBIO
4857,SBND
4858,SBOW
4859,SBR
4860,SBS
4861,SBSW
4862,SBXC
4863,SBXC.U
4864,SBXC.W
4865,SCC
4866,SCCB
4867,SCCC
4868,SCCD
4869,SCCE
4870,SCCF
4871,SCCG
4872,SCCO
4873,SCD
4874,SCDL
4875,SCE$G
4876,SCE$H
4877,SCE$J
4878,SCE$K
4879,SCE$L
4880,SCHA
4881,SCHB
4882,SCHC
4883,SCHD
4884,SCHE
4885,SCHF
4886,SCHG
4887,SCHH
4888,SCHI
4889,SCHJ
4890,SCHK
4891,SCHM
4892,SCHO
4893,SCHP
4894,SCHQ
4895,SCHR
4896,SCHV
4897,SCHW
4898,SCHW$D
4899,SCHW$J
4900,SCHX
4901,SCHY
4902,SCHZ
4903,SCI
4904,SCJ
4905,SCL
4906,SCM
4907,SCMB
4908,SCO
4909,SCRD
4910,SCS
4911,SCU
4912,SCUA
4913,SCUA.U
4914,SCUA.W
4915,SCX
4916,SD
4917,SDCI
4918,SDD
4919,SDEM
4920,SDHY
4921,SDIV
4922,SDOG
4923,SDOW
4924,SDP
4925,SDPI
4926,SDRL
4927,SDS
4928,SDY
4929,SE
4930,SEA
4931,SEAL$A
4932,SEAL$B
4933,SEAS
4934,SEB
4935,SECD
4936,SECT
4937,SEDA
4938,SEDA.U
4939,SEDA.W
4940,SEE
4941,SEF
4942,SEIM
4943,SEIQ
4944,SEIV
4945,SEIX
4946,SELV
4947,SEM
4948,SEMI
4949,SEMR
4950,SENS
4951,SENT
4952,SEPZ
4953,SES
4954,SES.W
4955,SESG
4956,SF
4957,SF$B
4958,SF$C
4959,SF$D
4960,SFB
4961,SFBS
4962,SFIG
4963,SFL
4964,SFLR
4965,SFY
4966,SFYF
4967,SFYX
4968,SG
4969,SGDJ
4970,SGDM
4971,SGG
4972,SGHC
4973,SGLC
4974,SGOL
4975,SGOV
4976,SGU
4977,SH
4978,SHAG
4979,SHAK
4980,SHAP
4981,SHAP.U
4982,SHAP.W
4983,SHCO
4984,SHDG
4985,SHE
4986,SHEL
4987,SHG
4988,SHM
4989,SHNY
4990,SHO
4991,SHO$H
4992,SHO$I
4993,SHOC
4994,SHOP
4995,SHPP
4996,SHPW
4997,SHPW.W
4998,SHUS
4999,SHW
5000,SHYD
5001,SHYG
5002,SHYL
5003,SI
5004,SI$A
5005,SID
5006,SIF
5007,SIFI
5008,SIG
5009,SIHY
5010,SII
5011,SIJ
5012,SIL
5013,SILJ
5014,SILV
5015,SILX
5016,SIM
5017,SIMS
5018,SIO
5019,SIRE
5020,SITC
5021,SITC$A
5022,SITE
5023,SIVR
5024,SIX
5025,SIXA
5026,SIXH
5027,SIXJ
5028,SIXL
5029,SIXO
5030,SIXS
5031,SIZE
5032,SJB
5033,SJIM
5034,SJM
5035,SJNK
5036,SJT
5037,SJW
5038,SKE
5039,SKF
5040,SKIL
5041,SKIL.W
5042,SKLZ
5043,SKM
5044,SKT
5045,SKX
5046,SKY
5047,SKYH
5048,SKYH.W
5049,SLB
5050,SLCA
5051,SLF
5052,SLG
5053,SLG$I
5054,SLGN
5055,SLI
5056,SLND
5057,SLND.W
5058,SLQT
5059,SLV
5060,SLVM
5061,SLVP
5062,SLX
5063,SLY
5064,SLYG
5065,SLYV
5066,SM
5067,SMAR
5068,SMB
5069,SMDD
5070,SMDV
5071,SMDY
5072,SMFG
5073,SMG
5074,SMHB
5075,SMHI
5076,SMI
5077,SMIG
5078,SMIN
5079,SMLE
5080,SMLF
5081,SMLP
5082,SMLV
5083,SMMD
5084,SMMU
5085,SMMV
5086,SMN
5087,SMOG
5088,SMOT
5089,SMP
5090,SMR
5091,SMR.W
5092,SMRT
5093,SMWB
5094,SNA
5095,SNAP
5096,SNAV
5097,SNDA
5098,SNDR
5099,SNMP
5100,SNN
5101,SNOW
5102,SNPD
5103,SNPE
5104,SNPG
5105,SNPV
5106,SNV
5107,SNV$D
5108,SNV$E
5109,SNX
5110,SO
5111,SOI
5112,SOJC
5113,SOJD
5114,SOJE
5115,SOL
5116,SOLR
5117,SON
5118,SONX
5119,SONY
5120,SOR
5121,SOS
5122,SOXL
5123,SOXS
5124,SOYB
5125,SPAB
5126,SPAX
5127,SPB
5128,SPBO
5129,SPCE
5130,SPCZ
5131,SPD
5132,SPDN
5133,SPDV
5134,SPDW
5135,SPE
5136,SPE$C
5137,SPEM
5138,SPEU
5139,SPFF
5140,SPG
5141,SPG$J
5142,SPGI
5143,SPGM
5144,SPGP
5145,SPH
5146,SPHB
5147,SPHD
5148,SPHQ
5149,SPHR
5150,SPHY
5151,SPIB
5152,SPIP
5153,SPIR
5154,SPKX
5155,SPKY
5156,SPLB
5157,SPLG
5158,SPLP
5159,SPLP$A
5160,SPLV
5161,SPMB
5162,SPMD
5163,SPMO
5164,SPMV
5165,SPNT
5166,SPNT$B
5167,SPOT
5168,SPPP
5169,SPR
5170,SPRE
5171,SPRU
5172,SPSB
5173,SPSK
5174,SPSM
5175,SPTI
5176,SPTL
5177,SPTM
5178,SPTS
5179,SPUC
5180,SPUS
5181,SPUU
5182,SPVM
5183,SPVU
5184,SPXB
5185,SPXC
5186,SPXE
5187,SPXL
5188,SPXN
5189,SPXS
5190,SPXT
5191,SPXU
5192,SPXV
5193,SPXX
5194,SPY
5195,SPYC
5196,SPYD
5197,SPYG
5198,SPYI
5199,SPYV
5200,SPYX
5201,SQ
5202,SQEW
5203,SQM
5204,SQNS
5205,SQSP
5206,SQZ
5207,SR
5208,SR$A
5209,SRC
5210,SRC$A
5211,SRE
5212,SREA
5213,SRG
5214,SRG$A
5215,SRHQ
5216,SRI
5217,SRL
5218,SRLN
5219,SROI
5220,SRS
5221,SRT
5222,SRTY
5223,SRV
5224,SRVR
5225,SSD
5226,SSFI
5227,SSG
5228,SSL
5229,SSLY
5230,SSO
5231,SSPX
5232,SSPY
5233,SST
5234,SST.W
5235,SSTK
5236,SSU
5237,SSU.W
5238,SSUS
5239,SSXU
5240,SSY
5241,ST
5242,STAG
5243,STC
5244,STCE
5245,STE
5246,STEM
5247,STET
5248,STET.U
5249,STET.W
5250,STEW
5251,STG
5252,STGF
5253,STIP
5254,STK
5255,STLA
5256,STLG
5257,STLV
5258,STM
5259,STN
5260,STNC
5261,STNG
5262,STOT
5263,STPZ
5264,STR
5265,STR.W
5266,STRV
5267,STRW
5268,STT
5269,STT$D
5270,STT$G
5271,STVN
5272,STWD
5273,STXE
5274,STXS
5275,STZ
5276,SU
5277,SUAC
5278,SUAC.U
5279,SUAC.W
5280,SUB
5281,SUBS
5282,SUI
5283,SUM
5284,SUN
5285,SUNL
5286,SUNL.W
5287,SUP
5288,SUPL
5289,SUPP
5290,SUPV
5291,SURE
5292,SURI
5293,SUSA
5294,SUZ
5295,SVAL
5296,SVIX
5297,SVM
5298,SVOL
5299,SVT
5300,SVXY
5301,SWAN
5302,SWI
5303,SWK
5304,SWN
5305,SWX
5306,SWZ
5307,SXC
5308,SXI
5309,SXQG
5310,SXT
5311,SXUS
5312,SYF
5313,SYF$A
5314,SYII
5315,SYK
5316,SYLD
5317,SYNB
5318,SYUS
5319,SYY
5320,SZK
5321,SZNE
5322,T
5323,T$A
5324,T$C
5325,TAC
5326,TACK
5327,TAFI
5328,TAGG
5329,TAGS
5330,TAIL
5331,TAK
5332,TAL
5333,TALO
5334,TAN
5335,TAP
5336,TAP.A
5337,TARO
5338,TAXF
5339,TBB
5340,TBC
5341,TBF
5342,TBI
5343,TBJL
5344,TBT
5345,TBUX
5346,TBX
5347,TCHP
5348,TCI
5349,TCN
5350,TCOA
5351,TCOA.U
5352,TCOA.W
5353,TCS
5354,TD
5355,TDC
5356,TDCX
5357,TDF
5358,TDG
5359,TDOC
5360,TDS
5361,TDS$U
5362,TDS$V
5363,TDTF
5364,TDTT
5365,TDV
5366,TDVG
5367,TDW
5368,TDW.A
5369,TDW.B
5370,TDW.W
5371,TDY
5372,TEAF
5373,TECB
5374,TECK
5375,TECL
5376,TECS
5377,TEF
5378,TEI
5379,TEL
5380,TELL
5381,TELZ
5382,TEMP
5383,TEO
5384,TEQI
5385,TEVA
5386,TEX
5387,TFC
5388,TFC$I
5389,TFC$O
5390,TFC$R
5391,TFI
5392,TFII
5393,TFJL
5394,TFLO
5395,TFLR
5396,TFPM
5397,TFSA
5398,TFX
5399,TG
5400,TGB
5401,TGH
5402,TGH$A
5403,TGH$B
5404,TGI
5405,TGIF
5406,TGLS
5407,TGN
5408,TGNA
5409,TGR
5410,TGR.U
5411,TGR.W
5412,TGRW
5413,TGS
5414,TGT
5415,THC
5416,THCX
5417,THD
5418,THG
5419,THLV
5420,THM
5421,THNQ
5422,THO
5423,THQ
5424,THR
5425,THS
5426,THW
5427,THY
5428,THYF
5429,TILL
5430,TILT
5431,TIMB
5432,TIME
5433,TINT
5434,TINY
5435,TIP
5436,TIPX
5437,TIPZ
5438,TISI
5439,TIXT
5440,TJX
5441,TK
5442,TKAT
5443,TKC
5444,TKR
5445,TLGA
5446,TLGA.U
5447,TLH
5448,TLK
5449,TLTD
5450,TLTE
5451,TLTW
5452,TLYS
5453,TM
5454,TMAT
5455,TMBR
5456,TMDV
5457,TME
5458,TMF
5459,TMFC
5460,TMFE
5461,TMFG
5462,TMFM
5463,TMFS
5464,TMFX
5465,TMHC
5466,TMO
5467,TMP
5468,TMQ
5469,TMST
5470,TMV
5471,TNA
5472,TNC
5473,TNET
5474,TNK
5475,TNL
5476,TNP
5477,TNP$D
5478,TNP$E
5479,TNP$F
5480,TOK
5481,TOKE
5482,TOL
5483,TOLZ
5484,TOST
5485,TOTL
5486,TOTR
5487,TOVX
5488,TPB
5489,TPC
5490,TPET
5491,TPH
5492,TPHD
5493,TPHE
5494,TPHS
5495,TPIF
5496,TPL
5497,TPLC
5498,TPLE
5499,TPMN
5500,TPOR
5501,TPR
5502,TPSC
5503,TPTA
5504,TPVG
5505,TPX
5506,TPYP
5507,TPZ
5508,TR
5509,TRC
5510,TRCA
5511,TRCA.U
5512,TRCA.W
5513,TREX
5514,TRFK
5515,TRFM
5516,TRGP
5517,TRI
5518,TRIS
5519,TRIS.U
5520,TRIS.W
5521,TRN
5522,TRND
5523,TRNO
5524,TROX
5525,TRP
5526,TRPL
5527,TRT
5528,TRTL
5529,TRTL.U
5530,TRTL.W
5531,TRTN
5532,TRTN$A
5533,TRTN$B
5534,TRTN$C
5535,TRTN$D
5536,TRTN$E
5537,TRTX
5538,TRTX$C
5539,TRTY
5540,TRU
5541,TRV
5542,TRX
5543,TS
5544,TSE
5545,TSI
5546,TSJA
5547,TSLH
5548,TSLX
5549,TSLY
5550,TSM
5551,TSME
5552,TSN
5553,TSOC
5554,TSPA
5555,TSQ
5556,TT
5557,TTAC
5558,TTAI
5559,TTC
5560,TTE
5561,TTI
5562,TTP
5563,TTT
5564,TU
5565,TUA
5566,TUP
5567,TUSI
5568,TUYA
5569,TV
5570,TVC
5571,TVE
5572,TWI
5573,TWIO
5574,TWLO
5575,TWM
5576,TWN
5577,TWO
5578,TWO$A
5579,TWO$B
5580,TWO$C
5581,TWOA
5582,TX
5583,TXO
5584,TXT
5585,TY
5586,TY$
5587,TYA
5588,TYD
5589,TYG
5590,TYL
5591,TYLG
5592,TYO
5593,TZA
5594,U
5595,UA
5596,UAA
5597,UAMY
5598,UAN
5599,UAPR
5600,UAUG
5601,UAV
5602,UAVS
5603,UBA
5604,UBER
5605,UBOT
5606,UBP
5607,UBP$H
5608,UBP$K
5609,UBR
5610,UBS
5611,UBT
5612,UCC
5613,UCIB
5614,UCO
5615,UCON
5616,UDEC
5617,UDI
5618,UDIV
5619,UDN
5620,UDOW
5621,UDR
5622,UE
5623,UEC
5624,UFAB
5625,UFEB
5626,UFI
5627,UGA
5628,UGE
5629,UGI
5630,UGIC
5631,UGL
5632,UGP
5633,UHAL
5634,UHAL.B
5635,UHS
5636,UHT
5637,UI
5638,UIS
5639,UJAN
5640,UJB
5641,UJUL
5642,UJUN
5643,UL
5644,ULE
5645,ULST
5646,ULTR
5647,UMAR
5648,UMAY
5649,UMC
5650,UMDD
5651,UMH
5652,UMH$D
5653,UMI
5654,UNF
5655,UNFI
5656,UNG
5657,UNH
5658,UNL
5659,UNM
5660,UNMA
5661,UNOV
5662,UNP
5663,UNVR
5664,UOCT
5665,UP
5666,UP.W
5667,UPAR
5668,UPH
5669,UPH.W
5670,UPRO
5671,UPS
5672,UPV
5673,UPW
5674,URA
5675,URE
5676,URG
5677,URI
5678,URNM
5679,URTH
5680,URTY
5681,USA
5682,USAC
5683,USAI
5684,USAS
5685,USB
5686,USB$A
5687,USB$H
5688,USB$P
5689,USB$Q
5690,USB$R
5691,USB$S
5692,USCA
5693,USCI
5694,USD
5695,USDP
5696,USDU
5697,USE
5698,USEP
5699,USFD
5700,USFR
5701,USHY
5702,USL
5703,USM
5704,USMF
5705,USML
5706,USMV
5707,USNA
5708,USNZ
5709,USO
5710,USPH
5711,USPX
5712,USRT
5713,USSG
5714,UST
5715,USVT
5716,USX
5717,UTES
5718,UTF
5719,UTG
5720,UTI
5721,UTL
5722,UTRN
5723,UTSL
5724,UTZ
5725,UUP
5726,UUU
5727,UUUU
5728,UVDV
5729,UVE
5730,UVIX
5731,UVV
5732,UVXY
5733,UWM
5734,UWMC
5735,UWMC.W
5736,UXI
5737,UYG
5738,UYLD
5739,UYM
5740,UZD
5741,UZE
5742,UZF
5743,V
5744,VABS
5745,VAC
5746,VAL
5747,VAL.W
5748,VALE
5749,VALQ
5750,VALT
5751,VAMO
5752,VAPO
5753,VATE
5754,VAW
5755,VB
5756,VBF
5757,VBK
5758,VBND
5759,VBR
5760,VCAR
5761,VCEB
5762,VCIF
5763,VCLN
5764,VCR
5765,VCV
5766,VCXB
5767,VCXB.U
5768,VCXB.W
5769,VDC
5770,VDE
5771,VDNI
5772,VEA
5773,VEEV
5774,VEGA
5775,VEGI
5776,VEGN
5777,VEL
5778,VEMY
5779,VERS
5780,VET
5781,VEU
5782,VFC
5783,VFH
5784,VFL
5785,VFMF
5786,VFMO
5787,VFMV
5788,VFQY
5789,VFVA
5790,VGI
5791,VGK
5792,VGM
5793,VGR
5794,VGT
5795,VGZ
5796,VHAQ
5797,VHAQ.R
5798,VHAQ.U
5799,VHAQ.W
5800,VHC
5801,VHI
5802,VHT
5803,VIAO
5804,VICE
5805,VICI
5806,VIDI
5807,VIG
5808,VINE
5809,VIOG
5810,VIOO
5811,VIOV
5812,VIPS
5813,VIRS
5814,VIS
5815,VIST
5816,VIV
5817,VIXM
5818,VIXY
5819,VKI
5820,VKQ
5821,VLD
5822,VLD.W
5823,VLN
5824,VLN.W
5825,VLO
5826,VLRS
5827,VLT
5828,VLU
5829,VLUE
5830,VMAT
5831,VMC
5832,VMI
5833,VMO
5834,VMOT
5835,VMW
5836,VNAM
5837,VNCE
5838,VNLA
5839,VNM
5840,VNMC
5841,VNO
5842,VNO$L
5843,VNO$M
5844,VNO$N
5845,VNO$O
5846,VNQ
5847,VNRX
5848,VNSE
5849,VNT
5850,VNTR
5851,VO
5852,VOC
5853,VOE
5854,VOO
5855,VOOG
5856,VOOV
5857,VOT
5858,VOTE
5859,VOX
5860,VOYA
5861,VOYA$B
5862,VPC
5863,VPG
5864,VPL
5865,VPU
5866,VPV
5867,VRAI
5868,VRE
5869,VRP
5870,VRT
5871,VRTV
5872,VSCO
5873,VSGX
5874,VSH
5875,VSLU
5876,VSS
5877,VST
5878,VST.A
5879,VSTO
5880,VT
5881,VTEB
5882,VTES
5883,VTEX
5884,VTI
5885,VTLE
5886,VTN
5887,VTOL
5888,VTR
5889,VTS
5890,VTV
5891,VUG
5892,VUSB
5893,VUSE
5894,VV
5895,VVI
5896,VVR
5897,VVV
5898,VVX
5899,VWID
5900,VWO
5901,VXF
5902,VXX
5903,VXZ
5904,VYM
5905,VZ
5906,VZIO
5907,VZLA
5908,W
5909,WAB
5910,WAL
5911,WAL$A
5912,WANT
5913,WAT
5914,WAVC
5915,WAVC.U
5916,WAVC.W
5917,WBAT
5918,WBIF
5919,WBIG
5920,WBIL
5921,WBIY
5922,WBS
5923,WBS$F
5924,WBS$G
5925,WBX
5926,WBX.W
5927,WCC
5928,WCC$A
5929,WCEO
5930,WCN
5931,WD
5932,WDH
5933,WDI
5934,WDIV
5935,WDNA
5936,WDS
5937,WE
5938,WE.W
5939,WEA
5940,WEAT
5941,WEAV
5942,WEBL
5943,WEBS
5944,WEC
5945,WEED
5946,WEIX
5947,WEL
5948,WEL.U
5949,WEL.W
5950,WELL
5951,WES
5952,WEX
5953,WF
5954,WFC
5955,WFC$A
5956,WFC$C
5957,WFC$D
5958,WFC$L
5959,WFC$Q
5960,WFC$R
5961,WFC$Y
5962,WFC$Z
5963,WFG
5964,WFH
5965,WFHY
5966,WFIG
5967,WGO
5968,WH
5969,WHD
5970,WHG
5971,WHR
5972,WIA
5973,WINN
5974,WIP
5975,WIT
5976,WIW
5977,WK
5978,WKLY
5979,WLDR
5980,WLK
5981,WLKP
5982,WLMS
5983,WLTG
5984,WLTH
5985,WLY
5986,WLYB
5987,WM
5988,WMB
5989,WMC
5990,WMK
5991,WMS
5992,WMT
5993,WNC
5994,WNNR
5995,WNNR.U
5996,WNNR.W
5997,WNS
5998,WOLF
5999,WOMN
6000,WOR
6001,WOW
6002,WPC
6003,WPM
6004,WPP
6005,WPS
6006,WRAC
6007,WRAC.U
6008,WRAC.W
6009,WRB
6010,WRB$E
6011,WRB$F
6012,WRB$G
6013,WRB$H
6014,WRBY
6015,WRK
6016,WRN
6017,WSM
6018,WSO
6019,WSO.B
6020,WSR
6021,WST
6022,WT
6023,WTAI
6024,WTI
6025,WTID
6026,WTIU
6027,WTM
6028,WTMF
6029,WTRE
6030,WTRG
6031,WTS
6032,WTT
6033,WTTR
6034,WTV
6035,WU
6036,WUCT
6037,WUGI
6038,WWE
6039,WWJD
6040,WWR
6041,WWW
6042,WY
6043,WYY
6044,X
6045,XAR
6046,XB
6047,XBAP
6048,XBB
6049,XBI
6050,XBJA
6051,XBJL
6052,XBOC
6053,XBTF
6054,XC
6055,XCCC
6056,XCEM
6057,XCLR
6058,XCOR
6059,XDAP
6060,XDAT
6061,XDEC
6062,XDJA
6063,XDJL
6064,XDOC
6065,XDQQ
6066,XDSQ
6067,XEMD
6068,XES
6069,XFIV
6070,XFLT
6071,XFLT$A
6072,XHB
6073,XHE
6074,XHLF
6075,XHR
6076,XHS
6077,XHYC
6078,XHYD
6079,XHYE
6080,XHYF
6081,XHYH
6082,XHYI
6083,XHYT
6084,XIN
6085,XITK
6086,XJH
6087,XJR
6088,XJUN
6089,XLB
6090,XLC
6091,XLE
6092,XLF
6093,XLG
6094,XLI
6095,XLK
6096,XLP
6097,XLRE
6098,XLSR
6099,XLU
6100,XLV
6101,XLY
6102,XMAR
6103,XME
6104,XMHQ
6105,XMLV
6106,XMMO
6107,XMPT
6108,XMVM
6109,XNAV
6110,XNTK
6111,XOM
6112,XONE
6113,XOP
6114,XOUT
6115,XPER
6116,XPEV
6117,XPH
6118,XPL
6119,XPND
6120,XPO
6121,XPOF
6122,XPP
6123,XPRO
6124,XRLV
6125,XRMI
6126,XRT
6127,XSD
6128,XSEP
6129,XSHD
6130,XSHQ
6131,XSLV
6132,XSMO
6133,XSOE
6134,XSVM
6135,XSVN
6136,XSW
6137,XTAP
6138,XTEN
6139,XTJA
6140,XTJL
6141,XTL
6142,XTN
6143,XTNT
6144,XTOC
6145,XTR
6146,XTRE
6147,XTWO
6148,XTWY
6149,XUSP
6150,XVOL
6151,XVV
6152,XWEB
6153,XYF
6154,XYL
6155,XYLD
6156,XYLE
6157,XYLG
6158,YALA
6159,YALL
6160,YANG
6161,YCBD
6162,YCBD$A
6163,YCL
6164,YCS
6165,YDEC
6166,YEAR
6167,YELP
6168,YETI
6169,YEXT
6170,YINN
6171,YJUN
6172,YLD
6173,YMAR
6174,YMM
6175,YOLO
6176,YOU
6177,YPF
6178,YPS
6179,YRD
6180,YSEP
6181,YSG
6182,YUM
6183,YUMC
6184,YUMY
6185,YXI
6186,YYY
6187,ZBH
6188,ZBZX
6189,ZDGE
6190,ZECP
6191,ZEPP
6192,ZETA
6193,ZEV
6194,ZEV.W
6195,ZEXIT
6196,ZGN
6197,ZH
6198,ZHDG
6199,ZIEXT
6200,ZIG
6201,ZIM
6202,ZIP
6203,ZIVB
6204,ZOM
6205,ZROZ
6206,ZSB
6207,ZSL
6208,ZSPY
6209,ZTEST
6210,ZTO
6211,ZTR
6212,ZTS
6213,ZUO
6214,ZVIA
6215,ZVV
6216,ZWS
6217,ZXIET
6218,
